idx,arrived,pos_err_deg,dir_spread,q1,q2,q3,q4,q5,q6,q1_cmd,q2_cmd,q3_cmd,q4_cmd,q5_cmd,q6_cmd,load2,load3,load4,load5,load6,load2_up,load3_up,load4_up,load5_up,load6_up,load2_dn,load3_dn,load4_dn,load5_dn,load6_dn
0,0,1.52,181.2,-5.18,81.91,-22.23,-12.21,8.78,31.2,-4.767,80.479,-22.978,-12.625,8.985,31.4,-13.416666666666664,52.0,-16.0,0.0,-4.0,77.16666666666667,56.0,-16.0,0.0,-8.0,-104.0,48.0,-16.0,0.0,0.0
1,1,1.27,32.0,71.01,-59.76,-94.04,-50.53,-11.16,57.65,71.375,-58.494,-93.594,-50.7,-10.942,57.917,80.0,-16.0,-9.916666666666668,0.0,0.0,64.0,-16.0,-10.333333333333334,0.0,0.0,96.0,-16.0,-9.5,0.0,0.0
2,1,1.42,48.0,-26.89,-90.17,50.0,65.39,-74.09,-84.99,-26.384,-88.749,50.63,65.133,-73.902,-84.8,88.0,-23.333333333333336,-14.0,0.0,-4.0,64.0,-22.666666666666668,-16.0,0.0,-8.0,112.0,-24.0,-12.0,0.0,0.0
3,1,0.59,2.7,39.81,17.66,-9.31,-58.71,9.22,-57.3,40.185,17.166,-8.814,-58.339,9.442,-57.127,-16.0,-9.333333333333332,16.0,0.0,0.0,-16.0,-10.666666666666666,16.0,0.0,0.0,-16.0,-8.0,16.0,0.0,0.0
4,1,1.11,24.0,-0.79,-72.33,60.46,36.03,-48.6,59.58,-0.378,-71.219,60.779,36.129,-48.416,59.797,68.0,-5.333333333333333,-10.75,0.0,0.0,56.0,0.0,-13.5,0.0,0.0,80.0,-10.666666666666666,-8.0,0.0,0.0
5,1,1.23,1.3,-42.36,42.89,15.9,-9.49,36.29,62.66,-41.904,41.661,15.142,-9.9,36.552,62.877,-88.0,48.0,-15.333333333333332,0.0,0.0,-88.0,48.0,-14.666666666666666,0.0,0.0,-88.0,48.0,-16.0,0.0,0.0
6,1,1.41,24.0,-32.16,60.38,-1.14,-60.38,64.68,-81.12,-31.793,59.232,-1.673,-60.089,64.906,-80.862,-92.0,40.0,4.666666666666667,0.08333333333333333,0.0,-104.0,40.0,0.0,0.0,0.0,-80.0,40.0,9.333333333333334,0.16666666666666666,0.0
7,1,0.58,9.3,17.05,-31.46,59.32,-19.68,-57.21,-23.99,17.429,-30.943,58.809,-19.616,-57.09,-23.792,20.0,24.0,-4.666666666666667,0.0,0.0,16.0,24.0,-9.333333333333334,0.0,0.0,24.0,24.0,0.0,0.0,0.0
8,1,0.81,8.0,-86.13,-22.5,-8.78,-5.0,-83.32,-61.52,-85.743,-21.69,-8.169,-4.722,-83.252,-61.31,56.0,-28.0,9.333333333333334,-4.0,0.0,56.0,-24.0,6.666666666666667,-8.0,0.0,56.0,-32.0,12.0,0.0,0.0
9,1,0.68,9.3,-20.83,8.78,19.42,-21.26,-45.35,-53.43,-20.417,8.191,18.943,-21.05,-45.141,-53.186,-28.0,28.0,-4.666666666666667,0.0,0.0,-32.0,32.0,-9.333333333333334,0.0,0.0,-24.0,24.0,0.0,0.0,0.0
10,1,1.36,40.0,31.2,-37.35,-73.03,-2.98,75.67,3.95,31.644,-35.993,-72.092,-2.616,75.782,4.141,84.0,-56.0,16.0,0.0,0.0,64.0,-56.0,16.0,0.0,0.0,104.0,-56.0,16.0,0.0,0.0
11,1,0.97,32.0,-23.55,3.51,87.89,62.31,-0.79,-59.85,-23.154,2.891,87.167,62.155,-0.496,-59.618,-48.0,52.0,-8.083333333333334,4.0,-4.0,-64.0,56.0,-9.5,0.0,-8.0,-32.0,48.0,-6.666666666666667,8.0,0.0
12,1,1.25,26.7,62.66,79.8,-87.01,91.66,0.52,-59.06,63.13,78.901,-87.087,91.207,0.929,-58.832,-74.66666666666667,14.0,-16.0,4.0,0.0,-88.0,16.0,-16.0,0.0,0.0,-61.333333333333336,12.0,-16.0,8.0,0.0
13,1,1.1,16.0,-18.8,-51.94,43.5,-39.9,53.26,-32.51,-18.375,-50.839,44.115,-39.481,53.39,-32.308,72.0,-24.0,16.0,-4.0,0.0,64.0,-24.0,16.0,-8.0,0.0,80.0,-24.0,16.0,0.0,0.0
14,1,1.01,8.0,5.27,5.27,-89.12,-8.17,80.68,80.33,5.688,6.013,-88.106,-7.761,80.826,80.521,44.0,-60.0,16.0,0.0,-4.0,40.0,-56.0,16.0,0.0,-8.0,48.0,-64.0,16.0,0.0,0.0
15,1,1.49,40.0,28.74,50.44,77.87,-6.94,47.28,-44.12,29.168,49.391,77.163,-7.431,47.586,-43.861,-92.0,52.0,-16.0,4.0,0.0,-112.0,56.0,-16.0,0.0,0.0,-72.0,48.0,-16.0,8.0,0.0
16,0,1.57,32.0,-6.24,74.26,67.32,-32.16,40.78,51.15,-5.814,73.037,66.673,-32.647,41.088,51.404,-104.0,40.0,-16.0,4.0,0.0,-120.0,40.0,-16.0,0.0,0.0,-88.0,40.0,-16.0,8.0,0.0
17,0,1.5,16.0,64.51,-59.94,-31.46,-5.18,53.7,-21.88,64.947,-58.437,-30.468,-4.773,53.824,-21.633,112.0,-64.0,16.0,-4.0,0.0,104.0,-64.0,16.0,-8.0,0.0,120.0,-64.0,16.0,0.0,0.0
18,1,1.26,24.0,-31.37,-56.95,3.77,95.09,67.67,-58.88,-30.857,-55.688,4.474,94.912,68.019,-58.649,84.0,-28.0,-11.25,4.0,-4.0,72.0,-24.0,-13.166666666666666,0.0,-8.0,96.0,-32.0,-9.333333333333334,8.0,0.0
19,1,1.2,22.7,-42.8,79.54,-95.62,28.47,-47.1,-79.89,-42.283,78.602,-95.183,28.642,-46.918,-79.659,-67.33333333333334,-15.333333333333332,-4.0,0.0,-4.0,-78.66666666666667,-14.666666666666666,-8.0,0.0,-8.0,-56.0,-16.0,0.0,0.0,0.0
20,0,1.58,158.5,46.31,55.98,58.79,-25.13,50.44,70.22,46.808,54.754,57.915,-25.615,50.787,70.444,-8.75,64.0,-16.0,4.0,0.0,70.5,64.0,-16.0,0.0,0.0,-88.0,64.0,-16.0,8.0,0.0
21,1,0.68,16.0,15.02,-18.54,10.98,-65.39,-19.24,-86.13,15.539,-17.858,11.573,-65.011,-19.037,-85.924,36.0,-24.0,16.0,-8.0,0.0,32.0,-24.0,16.0,-16.0,0.0,40.0,-24.0,16.0,0.0,0.0
22,1,0.73,8.0,77.78,46.75,-69.78,-76.9,26.45,26.01,78.254,46.16,-69.049,-76.479,26.495,26.206,-28.0,-36.0,16.0,-4.0,-4.0,-32.0,-32.0,16.0,-8.0,-8.0,-24.0,-40.0,16.0,0.0,0.0
23,1,0.7,16.0,44.29,-13.97,-2.28,-40.86,-48.25,29.0,44.811,-13.273,-1.696,-40.506,-48.089,29.234,44.0,-24.0,16.0,-8.0,0.0,40.0,-24.0,16.0,-16.0,0.0,48.0,-24.0,16.0,0.0,0.0
24,1,1.41,32.0,-80.59,-89.2,69.08,-62.66,-20.47,-43.59,-80.182,-87.787,69.705,-62.259,-20.227,-43.365,96.0,-32.0,16.0,-4.0,-4.0,80.0,-32.0,16.0,-8.0,-8.0,112.0,-32.0,16.0,0.0,0.0
25,0,1.57,174.5,-84.19,-85.95,12.56,58.53,58.71,-43.85,-83.877,-84.381,13.462,58.909,58.973,-43.685,16.75,-56.0,4.583333333333333,0.0,0.0,104.0,-56.0,0.0,0.0,0.0,-70.5,-56.0,9.166666666666666,0.0,0.0
26,1,0.59,2.7,13.44,-26.63,47.28,20.39,54.84,-4.04,13.908,-26.23,46.837,20.284,55.044,-3.847,16.0,24.0,-13.5,0.0,0.0,16.0,24.0,-14.833333333333334,0.0,0.0,16.0,24.0,-12.166666666666666,0.0,0.0
27,0,1.59,182.5,67.93,80.59,-5.53,56.42,85.25,40.95,68.301,79.092,-6.374,55.951,85.511,41.222,-20.75,56.0,-16.0,0.0,0.0,70.5,56.0,-16.0,0.0,0.0,-112.0,56.0,-16.0,0.0,0.0
28,1,0.6,8.0,40.07,-7.82,3.33,57.3,33.13,-29.7,40.534,-7.523,3.135,56.852,33.444,-29.482,14.0,12.0,-16.0,4.0,0.0,13.333333333333334,10.666666666666666,-16.0,0.0,0.0,14.666666666666666,13.333333333333334,-16.0,8.0,0.0
29,1,1.03,16.0,-18.98,7.03,-73.47,5.27,44.56,5.0,-18.53,7.676,-72.442,5.704,44.664,5.255,36.0,-56.0,16.0,-4.0,0.0,32.0,-48.0,16.0,-8.0,0.0,40.0,-64.0,16.0,0.0,0.0
30,0,1.64,167.8,43.41,-79.71,4.04,-75.41,-67.67,-75.93,43.728,-78.071,4.94,-75.081,-67.765,-75.73,20.083333333333332,-56.0,12.0,-8.0,-4.0,104.0,-56.0,9.166666666666666,-16.0,-8.0,-63.833333333333336,-56.0,14.833333333333334,0.0,0.0
31,1,1.12,16.0,29.61,16.87,66.0,-6.5,-85.86,-24.52,30.015,15.931,65.22,-7.003,-85.62,-24.278,-64.0,60.0,-16.0,-8.0,0.0,-72.0,64.0,-16.0,-16.0,0.0,-56.0,56.0,-16.0,0.0,0.0
32,1,1.41,40.0,-43.68,82.96,-84.37,67.41,-1.14,-80.06,-43.241,81.994,-84.742,66.957,-0.851,-79.899,-84.0,16.0,-16.0,4.0,0.0,-104.0,16.0,-16.0,0.0,0.0,-64.0,16.0,-16.0,8.0,0.0
33,1,0.9,16.0,65.56,29.09,14.15,-67.67,-86.3,50.18,65.969,28.27,13.703,-67.358,-86.132,50.394,-52.0,28.0,5.416666666666667,-8.0,0.0,-56.0,32.0,0.0,-16.0,0.0,-48.0,24.0,10.833333333333334,0.0,0.0
34,1,1.37,40.0,46.84,-74.61,-69.34,-92.54,3.95,80.77,47.202,-73.236,-68.858,-93.008,4.257,80.993,84.0,-16.0,-16.0,4.0,0.0,64.0,-16.0,-16.0,0.0,0.0,104.0,-16.0,-16.0,8.0,0.0
35,1,1.05,24.0,-68.02,7.11,97.99,-39.72,61.52,37.52,-67.528,6.335,97.256,-40.175,61.812,37.711,-52.0,52.0,-16.0,4.0,0.0,-64.0,56.0,-16.0,0.0,0.0,-40.0,48.0,-16.0,8.0,0.0
36,1,1.06,16.0,42.89,20.83,69.52,-57.21,-46.49,30.58,43.345,19.943,68.747,-57.592,-46.311,30.842,-64.0,52.0,-16.0,0.0,0.0,-72.0,56.0,-16.0,0.0,0.0,-56.0,48.0,-16.0,0.0,0.0
37,0,1.62,142.5,-0.08,58.44,63.19,-89.56,55.37,-55.63,0.279,57.346,62.566,-89.693,55.601,-55.401,-0.75,44.0,-9.416666666666668,0.0,0.0,70.5,48.0,-10.833333333333334,0.0,0.0,-72.0,40.0,-8.0,0.0,0.0
38,1,0.92,24.0,-37.52,56.07,-87.71,80.33,-83.4,87.36,-37.011,55.406,-87.255,79.973,-83.156,87.585,-44.0,-16.0,-16.0,-4.0,0.0,-56.0,-16.0,-16.0,-8.0,0.0,-32.0,-16.0,-16.0,0.0,0.0
39,1,1.33,32.0,80.24,-49.65,-81.56,-43.33,-88.85,74.53,80.716,-48.32,-80.833,-42.983,-88.706,74.721,88.0,-40.0,5.333333333333333,-8.0,0.0,72.0,-40.0,0.0,-16.0,0.0,104.0,-40.0,10.666666666666666,0.0,0.0
