time,q1,q2,q3,q4,q5,q6,qd1,qd2,qd3,qd4,qd5,qd6,qdd1,qdd2,qdd3,qdd4,qdd5,qdd6,u1,u2,u3,u4,u5,u6,q1_cmd,q2_cmd,q3_cmd,q4_cmd,q5_cmd,q6_cmd,track_err,dt,dq
0.0,0.35,-71.45,-0.87,-0.43,0.43,0.26,0.0,8.0,0.0,0.0,0.0,0.0,0.0,7.53982,0.0,0.0,0.0,0.0,0.0,11.0,2.0,0.0,0.0,0.0,0.0,-70.0,0.0,0.0,0.0,0.0,1.45,,
0.068,0.35,-71.45,-0.87,-0.43,0.43,0.26,0.0,8.0,0.0,0.0,0.0,0.0,0.0,7.53982,0.0,0.0,0.0,0.0,0.0,11.0,3.0,0.0,0.0,1.0,0.0,-69.4388,0.0,0.0,0.0,0.0,2.011,0.068,0.0
0.1332,0.43,-71.45,-0.87,-0.43,0.43,0.26,0.0,8.0,0.0,0.0,0.0,0.0,0.0,7.53982,0.0,0.0,0.0,0.0,0.0,13.0,3.0,0.0,0.0,1.0,0.0,-68.868,0.0,0.0,0.0,0.0,2.582,0.0652,0.0
0.1984,0.35,-71.45,-0.87,-0.43,0.43,0.26,0.0,8.0,0.0,0.0,0.0,0.0,0.0,7.53982,0.0,0.0,0.0,0.0,0.0,27.0,2.0,0.0,0.0,1.0,0.0,-68.266,0.0,0.0,0.0,0.0,3.184,0.0652,0.0
0.2635,0.35,-71.45,-0.87,-0.43,0.43,0.26,0.0,8.40291,0.0,0.0,0.0,0.0,0.0,7.51321,0.0,0.0,0.0,0.0,0.0,46.0,2.0,0.0,0.0,1.0,0.0,-67.6338,0.0,0.0,0.0,0.0,3.816,0.0651,0.0
0.3287,0.43,-70.92,-0.87,-0.43,0.43,0.26,0.0,8.8898,0.0,0.0,0.0,0.0,0.0,7.40914,0.0,0.0,0.0,0.0,0.0,49.0,3.0,0.0,0.0,1.0,0.0,-66.9725,0.0,0.0,0.0,0.0,3.948,0.0652,0.53
0.3988,0.35,-70.13,-0.87,-0.43,0.43,0.26,0.0,9.40274,0.0,0.0,0.0,0.0,0.0,7.21068,0.0,0.0,0.0,0.0,0.0,37.0,3.0,0.0,0.0,1.0,0.0,-66.2293,0.0,0.0,0.0,0.0,3.901,0.0701,0.79
0.464,0.35,-69.78,-0.87,-0.43,0.43,0.26,0.0,9.86471,0.0,0.0,0.0,0.0,0.0,6.94762,0.0,0.0,0.0,0.0,0.0,51.0,2.0,0.0,0.0,1.0,0.0,-65.5121,0.0,0.0,0.0,0.0,4.268,0.0652,0.35
0.5291,0.43,-69.34,-0.87,-0.43,0.43,0.26,0.0,10.30647,0.0,0.0,0.0,0.0,0.0,6.61233,0.0,0.0,0.0,0.0,0.0,44.0,3.0,0.0,0.0,0.0,0.0,-64.7711,0.0,0.0,0.0,0.0,4.569,0.0651,0.44
0.5943,0.35,-68.46,-0.87,-0.43,0.43,0.26,0.0,10.72475,0.0,0.0,0.0,0.0,0.0,6.20727,0.0,0.0,0.0,0.0,0.0,41.0,3.0,0.0,0.0,1.0,0.0,-64.008,0.0,0.0,0.0,0.0,4.452,0.0652,0.88
0.6594,0.43,-67.32,-0.87,-0.43,0.43,0.26,0.0,11.11391,0.0,0.0,0.0,0.0,0.0,5.73794,0.0,0.0,0.0,0.0,0.0,46.0,2.0,0.0,0.0,1.0,0.0,-63.2274,0.0,0.0,0.0,0.0,4.093,0.0651,1.14
0.7291,0.35,-66.53,-0.87,-0.43,0.43,0.26,0.0,11.4944,0.0,0.0,0.0,0.0,0.0,5.16913,0.0,0.0,0.0,0.0,0.0,31.0,2.0,0.0,0.0,1.0,0.0,-62.3731,0.0,0.0,0.0,0.0,4.157,0.0697,0.79
0.7943,0.35,-66.0,-0.87,-0.43,0.43,0.26,0.0,11.81253,0.0,0.0,0.0,0.0,0.0,4.58086,0.0,0.0,0.0,0.0,0.0,53.0,3.0,0.0,0.0,1.0,0.0,-61.5605,0.0,0.0,0.0,0.0,4.439,0.0652,0.53
0.8594,0.35,-65.65,-0.87,-0.43,0.43,0.26,0.0,12.09031,0.0,0.0,0.0,0.0,0.0,3.9456,0.0,0.0,0.0,0.0,0.0,56.0,2.0,0.0,0.0,1.0,0.0,-60.7382,0.0,0.0,0.0,0.0,4.912,0.0651,0.35
0.9246,0.43,-64.77,-0.87,-0.43,0.43,0.26,0.0,12.32568,0.0,0.0,0.0,0.0,0.0,3.26805,0.0,0.0,0.0,0.0,0.0,37.0,2.0,0.0,0.0,0.0,0.0,-59.9083,0.0,0.0,0.0,0.0,4.862,0.0652,0.88
0.9898,0.35,-63.1,-0.87,-0.43,0.43,0.26,0.0,12.51572,0.0,0.0,0.0,0.0,0.0,2.55625,0.0,0.0,0.0,0.0,0.0,38.0,2.0,0.0,0.0,1.0,0.0,-59.0748,0.0,0.0,0.0,0.0,4.025,0.0652,1.67
1.0591,0.43,-62.4,-0.87,-0.43,0.43,0.26,0.0,12.66579,0.0,0.0,0.0,0.0,0.0,1.7705,0.0,0.0,0.0,0.0,0.0,29.0,3.0,0.0,0.0,1.0,0.0,-58.1881,0.0,0.0,0.0,0.0,4.212,0.0693,0.7
1.1243,0.35,-61.87,-0.87,-0.43,0.43,0.26,0.0,12.75657,0.0,0.0,0.0,0.0,0.0,1.01193,0.0,0.0,0.0,0.0,0.0,39.0,2.0,0.0,0.0,1.0,0.0,-57.357,0.0,0.0,0.0,0.0,4.513,0.0652,0.53
1.1895,0.35,-61.34,-0.87,-0.43,0.43,0.26,0.0,12.79751,0.0,0.0,0.0,0.0,0.0,0.24275,0.0,0.0,0.0,0.0,0.0,40.0,2.0,0.0,0.0,1.0,0.0,-56.5326,0.0,0.0,0.0,0.0,4.807,0.0652,0.53
1.2546,0.43,-60.29,-0.87,-0.43,0.35,0.26,0.0,12.78823,0.0,0.0,0.0,0.0,0.0,-0.52779,0.0,0.0,0.0,0.0,0.0,36.0,3.0,0.0,0.0,1.0,0.0,-55.7171,0.0,0.0,0.0,0.0,4.573,0.0651,1.05
1.3198,0.35,-58.88,-0.87,-0.43,0.35,0.26,0.0,12.72878,0.0,0.0,0.0,0.0,0.0,-1.29398,0.0,0.0,0.0,0.0,0.0,36.0,2.0,0.0,0.0,1.0,0.0,-54.9146,0.0,0.0,0.0,0.0,3.965,0.0652,1.41
1.3891,0.35,-58.09,-0.87,-0.43,0.35,0.26,0.0,12.6113,0.0,0.0,0.0,0.0,0.0,-2.09331,0.0,0.0,0.0,0.0,0.0,31.0,3.0,0.0,0.0,1.0,0.0,-54.0783,0.0,0.0,0.0,0.0,4.012,0.0693,0.79
1.4542,0.35,-57.56,-0.87,-0.43,0.35,0.26,0.0,12.45117,0.0,0.0,0.0,0.0,0.0,-2.82178,0.0,0.0,0.0,0.0,0.0,40.0,2.0,0.0,0.0,1.0,0.0,-53.3102,0.0,0.0,0.0,0.0,4.25,0.0651,0.53
1.5194,0.43,-57.12,-0.87,-0.43,0.35,0.26,0.0,12.24419,0.0,0.0,0.0,0.0,0.0,-3.52183,0.0,0.0,0.0,0.0,0.0,40.0,3.0,0.0,0.0,1.0,0.0,-52.5631,0.0,0.0,0.0,0.0,4.557,0.0652,0.44
1.5846,0.35,-56.16,-0.87,-0.43,0.35,0.26,0.0,11.99273,0.0,0.0,0.0,0.0,0.0,-4.18496,0.0,0.0,0.0,0.0,0.0,31.0,3.0,0.0,0.0,1.0,0.0,-51.8392,0.0,0.0,0.0,0.0,4.321,0.0652,0.96
1.6498,0.35,-54.84,-0.87,-0.43,0.35,0.26,0.0,11.69942,0.0,0.0,0.0,0.0,0.0,-4.80424,0.0,0.0,0.0,0.0,0.0,34.0,3.0,0.0,0.0,1.0,0.0,-51.1406,0.0,0.0,0.0,0.0,3.699,0.0652,1.32
1.719,0.43,-54.14,-0.87,-0.43,0.35,0.26,0.0,11.34579,0.0,0.0,0.0,0.0,0.0,-5.4063,0.0,0.0,0.0,0.0,0.0,26.0,2.0,0.0,0.0,1.0,0.0,-50.4291,0.0,0.0,0.0,0.0,3.711,0.0692,0.7
1.7842,0.35,-53.7,-0.87,-0.43,0.35,0.26,0.0,10.97639,0.0,0.0,0.0,0.0,0.0,-5.91528,0.0,0.0,0.0,0.0,0.0,39.0,2.0,0.0,0.0,1.0,0.0,-49.7886,0.0,0.0,0.0,0.0,3.911,0.0652,0.44
1.8494,0.35,-53.17,-0.87,-0.43,0.35,0.26,0.0,10.57579,0.0,0.0,0.0,0.0,0.0,-6.36227,0.0,0.0,0.0,0.0,0.0,37.0,2.0,0.0,0.0,1.0,0.0,-49.1783,0.0,0.0,0.0,0.0,3.992,0.0652,0.53
1.9145,0.43,-52.47,-0.87,-0.43,0.35,0.26,0.0,10.14887,0.0,0.0,0.0,0.0,0.0,-6.74206,0.0,0.0,0.0,0.0,0.0,27.0,3.0,0.0,0.0,1.0,0.0,-48.6002,0.0,0.0,0.0,0.0,3.87,0.0651,0.7
1.9797,0.35,-51.24,-0.87,-0.43,0.35,0.26,0.0,9.69879,0.0,0.0,0.0,0.0,0.0,-7.05183,0.0,0.0,0.0,0.0,0.0,32.0,3.0,0.0,0.0,1.0,0.0,-48.0522,0.0,0.0,0.0,0.0,3.188,0.0652,1.23
2.049,0.35,-50.8,-0.87,-0.43,0.35,0.26,0.0,9.20101,0.0,0.0,0.0,0.0,0.0,-7.29999,0.0,0.0,0.0,0.0,0.0,28.0,2.0,0.0,0.0,1.0,0.0,-47.5056,0.0,0.0,0.0,0.0,3.294,0.0693,0.44
2.1142,0.35,-50.36,-0.87,-0.43,0.35,0.26,0.0,8.71959,0.0,0.0,0.0,0.0,0.0,-7.45461,0.0,0.0,0.0,0.0,0.0,29.0,2.0,0.0,0.0,1.0,0.0,-47.0239,0.0,0.0,0.0,0.0,3.336,0.0652,0.44
2.1794,0.35,-49.92,-0.87,-0.43,0.35,0.26,0.0,8.23063,0.0,0.0,0.0,0.0,0.0,-7.53111,0.0,0.0,0.0,0.0,0.0,27.0,3.0,0.0,0.0,1.0,0.0,-46.5739,0.0,0.0,0.0,0.0,3.346,0.0652,0.44
2.2446,0.43,-49.3,-0.87,-0.43,0.35,0.26,0.0,7.73925,0.0,0.0,0.0,0.0,0.0,-7.52869,0.0,0.0,0.0,0.0,0.0,27.0,3.0,0.0,0.0,1.0,0.0,-46.1545,0.0,0.0,0.0,0.0,3.145,0.0652,0.62
2.3098,0.35,-48.69,-0.87,-0.43,0.35,0.26,0.0,7.2506,0.0,0.0,0.0,0.0,0.0,-7.44736,0.0,0.0,0.0,0.0,0.0,28.0,2.0,0.0,0.0,1.0,0.0,-45.7649,0.0,0.0,0.0,0.0,2.925,0.0652,0.61
2.379,0.43,-48.25,-0.87,-0.43,0.35,0.26,0.0,6.74068,0.0,0.0,0.0,0.0,0.0,-7.27571,0.0,0.0,0.0,0.0,0.0,26.0,3.0,0.0,0.0,1.0,0.0,-45.3822,0.0,0.0,0.0,0.0,2.868,0.0692,0.44
2.4442,0.35,-47.98,-0.87,-0.43,0.35,0.26,0.0,6.27373,0.0,0.0,0.0,0.0,0.0,-7.03535,0.0,0.0,0.0,0.0,0.0,28.0,3.0,0.0,0.0,1.0,0.0,-45.049,0.0,0.0,0.0,0.0,2.931,0.0652,0.27
2.5094,0.35,-47.54,-0.87,-0.43,0.35,0.26,0.0,5.82488,0.0,0.0,0.0,0.0,0.0,-6.72125,0.0,0.0,0.0,0.0,0.0,26.0,3.0,0.0,0.0,1.0,0.0,-44.7404,0.0,0.0,0.0,0.0,2.8,0.0652,0.44
2.5746,0.35,-47.1,-0.87,-0.43,0.35,0.26,0.0,5.39881,0.0,0.0,0.0,0.0,0.0,-6.33672,0.0,0.0,0.0,0.0,0.0,20.0,2.0,0.0,0.0,1.0,0.0,-44.4541,0.0,0.0,0.0,0.0,2.646,0.0652,0.44
2.6398,0.35,-46.84,-0.87,-0.43,0.35,0.26,0.0,5.00001,0.0,0.0,0.0,0.0,0.0,-5.88579,0.0,0.0,0.0,0.0,0.0,26.0,3.0,0.0,0.0,1.0,0.0,-44.1877,0.0,0.0,0.0,0.0,2.652,0.0652,0.26
2.7089,0.43,-46.49,-0.87,-0.43,0.35,0.26,0.0,4.61176,0.0,0.0,0.0,0.0,0.0,-5.34066,0.0,0.0,0.0,0.0,0.0,22.0,2.0,0.0,0.0,1.0,0.0,-43.9238,0.0,0.0,0.0,0.0,2.566,0.0691,0.35
2.7741,0.35,-46.23,-0.87,-0.43,0.35,0.26,0.0,4.28191,0.0,0.0,0.0,0.0,0.0,-4.76855,0.0,0.0,0.0,0.0,0.0,23.0,2.0,0.0,0.0,1.0,0.0,-43.6896,0.0,0.0,0.0,0.0,2.54,0.0652,0.26
2.8393,0.43,-45.87,-0.87,-0.43,0.35,0.26,0.0,3.99102,0.0,0.0,0.0,0.0,0.0,-4.14646,0.0,0.0,0.0,0.0,0.0,23.0,3.0,0.0,0.0,1.0,0.0,-43.4665,0.0,0.0,0.0,0.0,2.404,0.0652,0.36
2.9045,0.35,-45.7,-0.87,-0.43,0.35,0.26,0.0,3.74215,0.0,0.0,0.0,0.0,0.0,-3.48092,0.0,0.0,0.0,0.0,0.0,22.0,3.0,0.0,0.0,1.0,0.0,-43.2514,0.0,0.0,0.0,0.0,2.449,0.0652,0.17
2.9697,0.35,-45.35,-0.87,-0.43,0.35,0.26,0.0,3.53791,0.0,0.0,0.0,0.0,0.0,-2.7789,0.0,0.0,0.0,0.0,0.0,24.0,3.0,0.0,0.0,1.0,0.0,-43.0413,0.0,0.0,0.0,0.0,2.309,0.0652,0.35
3.0381,0.35,-45.17,-0.87,-0.43,0.35,0.26,0.0,3.37393,0.0,0.0,0.0,0.0,0.0,-2.01125,0.0,0.0,0.0,0.0,0.0,24.0,3.0,0.0,0.0,1.0,0.0,-42.8223,0.0,0.0,0.0,0.0,2.348,0.0684,0.18
3.1032,0.35,-45.17,-0.87,-0.43,0.35,0.26,0.0,3.26739,0.0,0.0,0.0,0.0,0.0,-1.25896,0.0,0.0,0.0,0.0,0.0,28.0,2.0,0.0,0.0,1.0,0.0,-42.6117,0.0,0.0,0.0,0.0,2.558,0.0651,0.0
3.1684,0.43,-44.91,-0.87,-0.43,0.35,0.26,0.0,3.21024,0.0,0.0,0.0,0.0,0.0,-0.49234,0.0,0.0,0.0,0.0,0.0,23.0,3.0,0.0,0.0,1.0,0.0,-42.3959,0.0,0.0,0.0,0.0,2.514,0.0652,0.26
3.2336,0.35,-44.56,-0.87,-0.43,0.35,0.26,0.0,3.2033,0.0,0.0,0.0,0.0,0.0,0.27944,0.0,0.0,0.0,0.0,0.0,23.0,3.0,0.0,0.0,1.0,0.0,-42.1717,0.0,0.0,0.0,0.0,2.388,0.0652,0.35
3.2988,0.35,-44.2,-0.87,-0.43,0.35,0.26,0.0,3.24662,0.0,0.0,0.0,0.0,0.0,1.0483,0.0,0.0,0.0,0.0,0.0,23.0,2.0,0.0,0.0,1.0,0.0,-41.9361,0.0,0.0,0.0,0.0,2.264,0.0652,0.36
3.369,0.35,-44.03,-0.87,-0.43,0.35,0.26,0.0,3.34893,0.0,0.0,0.0,0.0,0.0,1.8636,0.0,0.0,0.0,0.0,0.0,22.0,3.0,0.0,0.0,1.0,0.0,-41.6658,0.0,0.0,0.0,0.0,2.364,0.0702,0.17
3.4342,0.35,-43.76,-0.87,-0.43,0.35,0.26,0.0,3.4946,0.0,0.0,0.0,0.0,0.0,2.60077,0.0,0.0,0.0,0.0,0.0,21.0,3.0,0.0,0.0,1.0,0.0,-41.3969,0.0,0.0,0.0,0.0,2.363,0.0652,0.27
3.4994,0.35,-43.59,-0.87,-0.43,0.35,0.26,0.0,3.68748,0.0,0.0,0.0,0.0,0.0,3.31068,0.0,0.0,0.0,0.0,0.0,21.0,2.0,0.0,0.0,1.0,0.0,-41.1077,0.0,0.0,0.0,0.0,2.482,0.0652,0.17
3.5646,0.43,-43.41,-0.87,-0.43,0.35,0.26,0.0,3.92556,0.0,0.0,0.0,0.0,0.0,3.9859,0.0,0.0,0.0,0.0,0.0,21.0,2.0,0.0,0.0,1.0,0.0,-40.7958,0.0,0.0,0.0,0.0,2.614,0.0652,0.18
3.6298,0.35,-42.97,-0.87,-0.43,0.35,0.26,0.0,4.20633,0.0,0.0,0.0,0.0,0.0,4.61934,0.0,0.0,0.0,0.0,0.0,22.0,2.0,0.0,0.0,1.0,0.0,-40.4592,0.0,0.0,0.0,0.0,2.511,0.0652,0.44
3.6977,0.43,-42.71,-0.87,-0.43,0.35,0.26,0.0,4.54095,0.0,0.0,0.0,0.0,0.0,5.22746,0.0,0.0,0.0,0.0,0.0,21.0,2.0,0.0,0.0,0.0,0.0,-40.0802,0.0,0.0,0.0,0.0,2.63,0.0679,0.26
3.7629,0.35,-42.53,-0.87,-0.43,0.35,0.26,0.0,4.89931,0.0,0.0,0.0,0.0,0.0,5.75557,0.0,0.0,0.0,0.0,0.0,27.0,3.0,0.0,0.0,1.0,0.0,-39.6873,0.0,0.0,0.0,0.0,2.843,0.0652,0.18
3.8281,0.43,-42.18,-0.87,-0.43,0.35,0.26,0.0,5.29016,0.0,0.0,0.0,0.0,0.0,6.22336,0.0,0.0,0.0,0.0,0.0,23.0,3.0,0.0,0.0,1.0,0.0,-39.2645,0.0,0.0,0.0,0.0,2.915,0.0652,0.35
3.8933,0.35,-41.83,-0.87,-0.43,0.35,0.26,0.0,5.70942,0.0,0.0,0.0,0.0,0.0,6.62594,0.0,0.0,0.0,0.0,0.0,23.0,2.0,0.0,0.0,0.0,0.0,-38.8108,0.0,0.0,0.0,0.0,3.019,0.0652,0.35
3.9585,0.43,-41.04,-0.87,-0.43,0.35,0.26,0.0,6.15268,0.0,0.0,0.0,0.0,0.0,6.95907,0.0,0.0,0.0,0.0,0.0,22.0,2.0,0.0,0.0,0.0,0.0,-38.3253,0.0,0.0,0.0,0.0,2.715,0.0652,0.79
4.028,0.35,-40.6,-0.87,-0.43,0.35,0.26,0.0,6.64637,0.0,0.0,0.0,0.0,0.0,7.2338,0.0,0.0,0.0,0.0,0.0,19.0,2.0,0.0,0.0,1.0,0.0,-37.7728,0.0,0.0,0.0,0.0,2.827,0.0695,0.44
4.0932,0.35,-40.42,-0.87,-0.43,0.35,0.26,0.0,7.12428,0.0,0.0,0.0,0.0,0.0,7.41328,0.0,0.0,0.0,0.0,0.0,24.0,3.0,0.0,0.0,1.0,0.0,-37.2217,0.0,0.0,0.0,0.0,3.198,0.0652,0.18
4.1584,0.43,-40.16,-0.87,-0.43,0.35,0.26,0.0,7.61137,0.0,0.0,0.0,0.0,0.0,7.51507,0.0,0.0,0.0,0.0,0.0,25.0,3.0,0.0,0.0,1.0,0.0,-36.6388,0.0,0.0,0.0,0.0,3.521,0.0652,0.26
4.2235,0.35,-39.46,-0.87,-0.43,0.35,0.26,0.0,8.10178,0.0,0.0,0.0,0.0,0.0,7.53813,0.0,0.0,0.0,0.0,0.0,17.0,3.0,0.0,0.0,0.0,0.0,-36.026,0.0,0.0,0.0,0.0,3.434,0.0651,0.7
4.2886,0.35,-38.4,-0.87,-0.43,0.35,0.26,0.0,8.59113,0.0,0.0,0.0,0.0,0.0,7.48243,0.0,0.0,0.0,0.0,0.0,23.0,2.0,0.0,0.0,1.0,0.0,-35.3821,0.0,0.0,0.0,0.0,3.018,0.0651,1.06
4.3583,0.35,-37.88,-0.87,-0.43,0.35,0.26,0.0,9.10807,0.0,0.0,0.0,0.0,0.0,7.33617,0.0,0.0,0.0,0.0,0.0,15.0,1.0,0.0,0.0,1.0,0.0,-34.6626,0.0,0.0,0.0,0.0,3.217,0.0697,0.52
4.4234,0.35,-37.44,-0.79,-0.43,0.35,0.26,0.0,9.57903,0.0,0.0,0.0,0.0,0.0,7.12017,0.0,0.0,0.0,0.0,0.0,18.0,1.0,0.0,0.0,1.0,0.0,-33.9618,0.0,0.0,0.0,0.0,3.478,0.0651,0.44
4.4886,0.43,-36.91,-0.79,-0.43,0.35,0.26,0.0,10.03418,0.0,0.0,0.0,0.0,0.0,6.82928,0.0,0.0,0.0,0.0,0.0,20.0,2.0,0.0,0.0,1.0,0.0,-33.2349,0.0,0.0,0.0,0.0,3.675,0.0652,0.53
4.5537,0.35,-36.21,-0.79,-0.43,0.35,0.26,0.0,10.46737,0.0,0.0,0.0,0.0,0.0,6.46743,0.0,0.0,0.0,0.0,0.0,21.0,2.0,0.0,0.0,1.0,0.0,-32.4855,0.0,0.0,0.0,0.0,3.725,0.0651,0.7
4.6188,0.35,-35.06,-0.79,-0.43,0.35,0.26,0.0,10.87478,0.0,0.0,0.0,0.0,0.0,6.038,0.0,0.0,0.0,0.0,0.0,19.0,1.0,0.0,0.0,1.0,0.0,-31.7162,0.0,0.0,0.0,0.0,3.344,0.0651,1.15
4.688,0.35,-34.27,-0.79,-0.43,0.35,0.26,0.0,11.27482,0.0,0.0,0.0,0.0,0.0,5.51248,0.0,0.0,0.0,0.0,0.0,12.0,1.0,0.0,0.0,1.0,0.0,-30.8787,0.0,0.0,0.0,0.0,3.391,0.0692,0.79
4.7532,0.35,-33.75,-0.79,-0.43,0.35,0.26,0.0,11.61644,0.0,0.0,0.0,0.0,0.0,4.95768,0.0,0.0,0.0,0.0,0.0,19.0,2.0,0.0,0.0,1.0,0.0,-30.0741,0.0,0.0,0.0,0.0,3.676,0.0652,0.52
4.8184,0.43,-33.22,-0.79,-0.43,0.35,0.26,0.0,11.92017,0.0,0.0,0.0,0.0,0.0,4.35093,0.0,0.0,0.0,0.0,0.0,19.0,2.0,0.0,0.0,1.0,0.0,-29.2568,0.0,0.0,0.0,0.0,3.963,0.0652,0.53
4.8836,0.35,-32.25,-0.79,-0.43,0.35,0.26,0.0,12.18281,0.0,0.0,0.0,0.0,0.0,3.69858,0.0,0.0,0.0,0.0,0.0,14.0,2.0,0.0,0.0,1.0,0.0,-28.4311,0.0,0.0,0.0,0.0,3.819,0.0652,0.97
4.9487,0.35,-30.93,-0.79,-0.43,0.35,0.26,0.0,12.40132,0.0,0.0,0.0,0.0,0.0,3.00855,0.0,0.0,0.0,0.0,0.0,19.0,2.0,0.0,0.0,1.0,0.0,-27.6,0.0,0.0,0.0,0.0,3.33,0.0651,1.32
5.018,0.35,-30.14,-0.79,-0.43,0.35,0.26,0.0,12.58335,0.0,0.0,0.0,0.0,0.0,2.23964,0.0,0.0,0.0,0.0,0.0,11.0,1.0,0.0,0.0,1.0,0.0,-26.7139,0.0,0.0,0.0,0.0,3.426,0.0693,0.79
5.0832,0.35,-29.61,-0.7,-0.35,0.35,0.26,0.0,12.7051,0.0,0.0,0.0,0.0,0.0,1.49185,0.0,0.0,0.0,0.0,0.0,19.0,1.0,0.0,0.0,1.0,0.0,-25.881,0.0,0.0,0.0,0.0,3.729,0.0652,0.53
5.1483,0.43,-29.09,-0.7,-0.43,0.35,0.26,0.0,12.77747,0.0,0.0,0.0,0.0,0.0,0.7296,0.0,0.0,0.0,0.0,0.0,21.0,1.0,0.0,0.0,1.0,0.0,-25.0518,0.0,0.0,0.0,0.0,4.038,0.0651,0.52
5.2135,0.43,-28.12,-0.7,-0.43,0.35,0.26,0.0,12.79993,0.0,0.0,0.0,0.0,0.0,-0.04145,0.0,0.0,0.0,0.0,0.0,11.0,1.0,0.0,0.0,1.0,0.0,-24.2306,0.0,0.0,0.0,0.0,3.889,0.0652,0.97
5.2786,0.35,-26.54,-0.7,-0.35,0.35,0.26,0.0,12.77216,0.0,0.0,0.0,0.0,0.0,-0.81089,0.0,0.0,0.0,0.0,0.0,14.0,1.0,0.0,0.0,1.0,0.0,-23.4209,0.0,0.0,0.0,0.0,3.119,0.0651,1.58
5.348,0.35,-25.83,-0.7,-0.43,0.35,0.26,0.0,12.68767,0.0,0.0,0.0,0.0,0.0,-1.62164,0.0,0.0,0.0,0.0,0.0,8.0,0.0,0.0,0.0,0.0,0.0,-22.5717,0.0,0.0,0.0,0.0,3.258,0.0694,0.71
5.4132,0.35,-25.31,-0.61,-0.35,0.35,0.26,0.0,12.55756,0.0,0.0,0.0,0.0,0.0,-2.36595,0.0,0.0,0.0,0.0,0.0,13.0,0.0,0.0,0.0,1.0,0.0,-21.7916,0.0,0.0,0.0,0.0,3.518,0.0652,0.52
5.4784,0.43,-24.69,-0.61,-0.43,0.35,0.26,0.0,12.37969,0.0,0.0,0.0,0.0,0.0,-3.08546,0.0,0.0,0.0,0.0,0.0,14.0,0.0,0.0,0.0,1.0,0.0,-21.0314,0.0,0.0,0.0,0.0,3.659,0.0652,0.62
5.5435,0.35,-23.73,-0.61,-0.43,0.35,0.26,0.0,12.15629,0.0,0.0,0.0,0.0,0.0,-3.77162,0.0,0.0,0.0,0.0,0.0,8.0,0.0,0.0,0.0,1.0,0.0,-20.2924,0.0,0.0,0.0,0.0,3.438,0.0651,0.96
5.6087,0.35,-22.32,-0.61,-0.35,0.35,0.26,0.0,11.88903,0.0,0.0,0.0,0.0,0.0,-4.41933,0.0,0.0,0.0,0.0,0.0,10.0,0.0,0.0,0.0,1.0,0.0,-19.5777,0.0,0.0,0.0,0.0,2.742,0.0652,1.41
5.678,0.35,-21.7,-0.61,-0.43,0.35,0.26,0.0,11.56036,0.0,0.0,0.0,0.0,0.0,-5.05685,0.0,0.0,0.0,0.0,0.0,7.0,0.0,0.0,0.0,0.0,0.0,-18.8472,0.0,0.0,0.0,0.0,2.853,0.0693,0.62
5.743,0.35,-21.18,-0.61,-0.35,0.35,0.26,0.0,11.21369,0.0,0.0,0.0,0.0,0.0,-5.60054,0.0,0.0,0.0,0.0,0.0,9.0,0.0,0.0,0.0,1.0,0.0,-18.1896,0.0,0.0,0.0,0.0,2.99,0.065,0.52
5.8082,0.43,-20.65,-0.61,-0.43,0.35,0.26,0.0,10.83234,0.0,0.0,0.0,0.0,0.0,-6.08729,0.0,0.0,0.0,0.0,0.0,10.0,0.0,0.0,0.0,1.0,0.0,-17.5601,0.0,0.0,0.0,0.0,3.09,0.0652,0.53
5.8734,0.35,-19.86,-0.61,-0.35,0.35,0.26,0.0,10.4213,0.0,0.0,0.0,0.0,0.0,-6.51025,0.0,0.0,0.0,0.0,0.0,6.0,0.0,0.0,0.0,1.0,0.0,-16.9612,0.0,0.0,0.0,0.0,2.899,0.0652,0.79
5.9386,0.35,-18.72,-0.61,-0.43,0.35,0.26,0.0,9.98488,0.0,0.0,0.0,0.0,0.0,-6.86498,0.0,0.0,0.0,0.0,0.0,8.0,0.0,0.0,0.0,1.0,0.0,-16.3936,0.0,0.0,0.0,0.0,2.326,0.0652,1.14
6.0079,0.35,-18.1,-0.61,-0.35,0.35,0.26,0.0,9.49833,0.0,0.0,0.0,0.0,0.0,-7.16307,0.0,0.0,0.0,0.0,0.0,4.0,0.0,0.0,0.0,1.0,0.0,-15.8253,0.0,0.0,0.0,0.0,2.275,0.0693,0.62
6.0731,0.35,-17.75,-0.61,-0.35,0.35,0.26,0.0,9.02426,0.0,0.0,0.0,0.0,0.0,-7.36616,0.0,0.0,0.0,0.0,0.0,6.0,0.0,0.0,0.0,1.0,0.0,-15.3239,0.0,0.0,0.0,0.0,2.426,0.0652,0.35
6.1382,0.43,-17.31,-0.61,-0.43,0.35,0.26,0.0,8.54021,0.0,0.0,0.0,0.0,0.0,-7.49192,0.0,0.0,0.0,0.0,0.0,6.0,0.0,0.0,0.0,1.0,0.0,-14.8544,0.0,0.0,0.0,0.0,2.456,0.0651,0.44
6.2034,0.35,-16.78,-0.61,-0.35,0.35,0.26,0.0,8.04976,0.0,0.0,0.0,0.0,0.0,-7.53942,0.0,0.0,0.0,0.0,0.0,5.0,0.0,0.0,0.0,0.0,0.0,-14.416,0.0,0.0,0.0,0.0,2.364,0.0652,0.53
6.2685,0.35,-15.9,-0.61,-0.43,0.35,0.26,0.0,7.55954,0.0,0.0,0.0,0.0,0.0,-7.50801,0.0,0.0,0.0,0.0,0.0,5.0,0.0,0.0,0.0,1.0,0.0,-14.008,0.0,0.0,0.0,0.0,1.892,0.0651,0.88
6.3379,0.43,-15.46,-0.61,-0.35,0.35,0.26,0.0,7.04213,0.0,0.0,0.0,0.0,0.0,-7.38817,0.0,0.0,0.0,0.0,0.0,3.0,0.0,0.0,0.0,1.0,0.0,-13.6056,0.0,0.0,0.0,0.0,1.854,0.0694,0.44
6.4031,0.35,-15.11,-0.52,-0.35,0.35,0.26,0.0,6.56628,0.0,0.0,0.0,0.0,0.0,-7.19563,0.0,0.0,0.0,0.0,0.0,6.0,0.0,0.0,0.0,1.0,0.0,-13.2562,0.0,0.0,0.0,0.0,1.854,0.0652,0.35
6.4683,0.43,-14.94,-0.52,-0.35,0.35,0.26,0.0,6.10546,0.0,0.0,0.0,0.0,0.0,-6.92768,0.0,0.0,0.0,0.0,0.0,5.0,0.0,0.0,0.0,1.0,0.0,-12.9322,0.0,0.0,0.0,0.0,2.008,0.0652,0.17
6.5335,0.35,-14.41,-0.52,-0.35,0.35,0.26,0.0,5.66449,0.0,0.0,0.0,0.0,0.0,-6.58713,0.0,0.0,0.0,0.0,0.0,4.0,0.0,0.0,0.0,1.0,0.0,-12.6321,0.0,0.0,0.0,0.0,1.778,0.0652,0.53
6.5986,0.35,-13.79,-0.52,-0.35,0.35,0.26,0.0,5.24862,0.0,0.0,0.0,0.0,0.0,-6.17822,0.0,0.0,0.0,0.0,0.0,4.0,0.0,0.0,0.0,1.0,0.0,-12.354,0.0,0.0,0.0,0.0,1.436,0.0651,0.62
6.6678,0.43,-13.53,-0.52,-0.35,0.35,0.26,0.0,4.83816,0.0,0.0,0.0,0.0,0.0,-5.6729,0.0,0.0,0.0,0.0,0.0,2.0,0.0,0.0,0.0,1.0,0.0,-12.0785,0.0,0.0,0.0,0.0,1.452,0.0692,0.26
6.733,0.35,-13.35,-0.52,-0.43,0.35,0.26,0.0,4.48551,0.0,0.0,0.0,0.0,0.0,-5.13541,0.0,0.0,0.0,0.0,0.0,4.0,0.0,0.0,0.0,1.0,0.0,-11.8357,0.0,0.0,0.0,0.0,1.514,0.0652,0.18
6.7982,0.35,-13.09,-0.52,-0.35,0.35,0.26,0.0,4.16968,0.0,0.0,0.0,0.0,0.0,-4.54409,0.0,0.0,0.0,0.0,0.0,3.0,0.0,0.0,0.0,1.0,0.0,-11.6061,0.0,0.0,0.0,0.0,1.484,0.0652,0.26
6.8635,0.35,-12.83,-0.52,-0.43,0.35,0.26,0.0,3.8936,0.0,0.0,0.0,0.0,0.0,-3.90414,0.0,0.0,0.0,0.0,0.0,3.0,0.0,0.0,0.0,1.0,0.0,-11.3862,0.0,0.0,0.0,0.0,1.444,0.0653,0.26
6.9286,0.35,-12.48,-0.52,-0.35,0.35,0.26,0.0,3.66134,0.0,0.0,0.0,0.0,0.0,-3.2253,0.0,0.0,0.0,0.0,0.0,3.0,0.0,0.0,0.0,1.0,0.0,-11.1734,0.0,0.0,0.0,0.0,1.307,0.0651,0.35
6.9979,0.35,-12.3,-0.52,-0.43,0.35,0.26,0.0,3.46394,0.0,0.0,0.0,0.0,0.0,-2.4658,0.0,0.0,0.0,0.0,0.0,3.0,0.0,0.0,0.0,1.0,0.0,-10.9508,0.0,0.0,0.0,0.0,1.349,0.0693,0.18
7.0632,0.35,-12.12,-0.52,-0.35,0.35,0.26,0.0,3.32705,0.0,0.0,0.0,0.0,0.0,-1.72326,0.0,0.0,0.0,0.0,0.0,3.0,0.0,0.0,0.0,1.0,0.0,-10.7415,0.0,0.0,0.0,0.0,1.378,0.0653,0.18
7.1283,0.43,-11.95,-0.52,-0.35,0.35,0.26,0.0,3.23947,0.0,0.0,0.0,0.0,0.0,-0.96496,0.0,0.0,0.0,0.0,0.0,4.0,0.0,0.0,0.0,1.0,0.0,-10.5294,0.0,0.0,0.0,0.0,1.421,0.0651,0.17
7.1935,0.35,-11.68,-0.52,-0.35,0.35,0.26,0.0,3.20161,0.0,0.0,0.0,0.0,0.0,-0.1954,0.0,0.0,0.0,0.0,0.0,3.0,0.0,0.0,0.0,1.0,0.0,-10.3107,0.0,0.0,0.0,0.0,1.369,0.0652,0.27
7.2587,0.35,-11.42,-0.52,-0.35,0.35,0.26,0.0,3.21404,0.0,0.0,0.0,0.0,0.0,0.57622,0.0,0.0,0.0,0.0,0.0,3.0,0.0,0.0,0.0,1.0,0.0,-10.0823,0.0,0.0,0.0,0.0,1.338,0.0652,0.26
7.3279,0.35,-11.16,-0.52,-0.35,0.35,0.26,0.0,3.28208,0.0,0.0,0.0,0.0,0.0,1.38838,0.0,0.0,0.0,0.0,0.0,2.0,0.0,0.0,0.0,1.0,0.0,-9.8264,0.0,0.0,0.0,0.0,1.334,0.0692,0.26
7.393,0.35,-10.98,-0.52,-0.35,0.35,0.26,0.0,3.39695,0.0,0.0,0.0,0.0,0.0,2.13764,0.0,0.0,0.0,0.0,0.0,3.0,0.0,0.0,0.0,1.0,0.0,-9.5689,0.0,0.0,0.0,0.0,1.411,0.0651,0.18
7.4582,0.43,-10.81,-0.52,-0.43,0.35,0.26,0.0,3.5602,0.0,0.0,0.0,0.0,0.0,2.86566,0.0,0.0,0.0,0.0,0.0,4.0,0.0,0.0,0.0,1.0,0.0,-9.293,0.0,0.0,0.0,0.0,1.517,0.0652,0.17
7.5234,0.35,-10.45,-0.43,-0.35,0.35,0.26,0.0,3.76998,0.0,0.0,0.0,0.0,0.0,3.56364,0.0,0.0,0.0,0.0,0.0,2.0,0.0,0.0,0.0,1.0,0.0,-8.9956,0.0,0.0,0.0,0.0,1.454,0.0652,0.36
7.5885,0.35,-10.01,-0.43,-0.35,0.35,0.26,0.0,4.02367,0.0,0.0,0.0,0.0,0.0,4.2233,0.0,0.0,0.0,0.0,0.0,2.0,0.0,0.0,0.0,1.0,0.0,-8.6756,0.0,0.0,0.0,0.0,1.334,0.0651,0.44
7.6579,0.43,-9.84,-0.43,-0.43,0.35,0.26,0.0,4.33979,0.0,0.0,0.0,0.0,0.0,4.87778,0.0,0.0,0.0,0.0,0.0,1.0,0.0,0.0,0.0,1.0,0.0,-8.3061,0.0,0.0,0.0,0.0,1.534,0.0694,0.17
7.7231,0.35,-9.66,-0.43,-0.35,0.35,0.26,0.0,4.67644,0.0,0.0,0.0,0.0,0.0,5.44003,0.0,0.0,0.0,0.0,0.0,3.0,0.0,0.0,0.0,1.0,0.0,-7.9307,0.0,0.0,0.0,0.0,1.729,0.0652,0.18
7.7883,0.35,-9.31,-0.43,-0.35,0.35,0.26,0.0,5.04793,0.0,0.0,0.0,0.0,0.0,5.94527,0.0,0.0,0.0,0.0,0.0,2.0,0.0,0.0,0.0,1.0,0.0,-7.5262,0.0,0.0,0.0,0.0,1.784,0.0652,0.35
7.8535,0.35,-8.87,-0.43,-0.35,0.35,0.26,0.0,5.45035,0.0,0.0,0.0,0.0,0.0,6.3882,0.0,0.0,0.0,0.0,0.0,2.0,0.0,0.0,0.0,1.0,0.0,-7.0915,0.0,0.0,0.0,0.0,1.778,0.0652,0.44
7.9187,0.35,-8.34,-0.43,-0.35,0.35,0.26,0.0,5.87949,0.0,0.0,0.0,0.0,0.0,6.76418,0.0,0.0,0.0,0.0,0.0,3.0,0.0,0.0,0.0,1.0,0.0,-6.6257,0.0,0.0,0.0,0.0,1.714,0.0652,0.53
7.9879,0.35,-7.91,-0.43,-0.43,0.35,0.26,0.0,6.35917,0.0,0.0,0.0,0.0,0.0,7.08561,0.0,0.0,0.0,0.0,0.0,1.0,0.0,0.0,0.0,1.0,0.0,-6.0964,0.0,0.0,0.0,0.0,1.814,0.0692,0.43
8.053,0.35,-7.55,-0.43,-0.35,0.35,0.26,0.0,6.82821,0.0,0.0,0.0,0.0,0.0,7.3117,0.0,0.0,0.0,0.0,0.0,1.0,0.0,0.0,0.0,1.0,0.0,-5.5652,0.0,0.0,0.0,0.0,1.985,0.0651,0.36
8.1182,0.35,-7.2,-0.43,-0.35,0.35,0.26,0.0,7.31024,0.0,0.0,0.0,0.0,0.0,7.46157,0.0,0.0,0.0,0.0,0.0,2.0,0.0,0.0,0.0,1.0,0.0,-5.0018,0.0,0.0,0.0,0.0,2.198,0.0652,0.35
8.1834,0.35,-6.67,-0.43,-0.35,0.35,0.26,0.0,7.7995,0.0,0.0,0.0,0.0,0.0,7.53324,0.0,0.0,0.0,0.0,0.0,2.0,0.0,0.0,0.0,0.0,0.0,-4.4065,0.0,0.0,0.0,0.0,2.263,0.0652,0.53
8.2486,0.35,-5.8,-0.43,-0.35,0.35,0.26,0.0,8.29086,0.0,0.0,0.0,0.0,0.0,7.52597,0.0,0.0,0.0,0.0,0.0,1.0,0.0,0.0,0.0,1.0,0.0,-3.781,0.0,0.0,0.0,0.0,2.019,0.0652,0.87
8.3181,0.35,-5.18,-0.43,-0.35,0.35,0.26,0.0,8.81114,0.0,0.0,0.0,0.0,0.0,7.43139,0.0,0.0,0.0,0.0,0.0,0.0,0.0,0.0,0.0,1.0,0.0,-3.0816,0.0,0.0,0.0,0.0,2.098,0.0695,0.62
8.3833,0.35,-4.83,-0.35,-0.35,0.35,0.26,0.0,9.29057,0.0,0.0,0.0,0.0,0.0,7.26218,0.0,0.0,0.0,0.0,0.0,1.0,0.0,0.0,0.0,0.0,0.0,-2.3962,0.0,0.0,0.0,0.0,2.434,0.0652,0.35
8.4485,0.43,-4.3,-0.43,-0.35,0.35,0.26,0.0,9.75648,0.0,0.0,0.0,0.0,0.0,7.01687,0.0,0.0,0.0,0.0,0.0,3.0,0.0,0.0,0.0,1.0,0.0,-1.6847,0.0,0.0,0.0,0.0,2.615,0.0652,0.53
8.5136,0.35,-3.69,-0.43,-0.43,0.35,0.26,0.0,10.2033,0.0,0.0,0.0,0.0,0.0,6.69857,0.0,0.0,0.0,0.0,0.0,1.0,0.0,0.0,0.0,1.0,0.0,-0.949,0.0,0.0,0.0,0.0,2.741,0.0651,0.61
8.5788,0.35,-2.37,-0.35,-0.35,0.35,0.26,0.0,10.62774,0.0,0.0,0.0,0.0,0.0,6.30963,0.0,0.0,0.0,0.0,0.0,0.0,0.0,0.0,0.0,1.0,0.0,-0.1908,0.0,0.0,0.0,0.0,2.179,0.0652,1.32
8.6479,0.35,-1.66,-0.35,-0.35,0.35,0.26,0.0,11.04742,0.0,0.0,0.0,0.0,0.0,5.82535,0.0,0.0,0.0,0.0,0.0,0.0,0.0,0.0,0.0,1.0,0.0,0.6341,0.0,0.0,0.0,0.0,2.294,0.0691,0.71
8.7131,0.35,-1.23,-0.35,-0.35,0.35,0.26,0.0,11.4106,0.0,0.0,0.0,0.0,0.0,5.30544,0.0,0.0,0.0,0.0,0.0,0.0,0.0,0.0,0.0,1.0,0.0,1.4293,0.0,0.0,0.0,0.0,2.659,0.0652,0.43
8.7783,0.43,-0.61,-0.43,-0.35,0.35,0.26,0.0,11.73804,0.0,0.0,0.0,0.0,0.0,4.72991,0.0,0.0,0.0,0.0,0.0,2.0,0.0,0.0,0.0,1.0,0.0,2.2389,0.0,0.0,0.0,0.0,2.849,0.0652,0.62
8.8435,0.35,0.17,-0.35,-0.35,0.35,0.26,0.0,12.0263,0.0,0.0,0.0,0.0,0.0,4.10483,0.0,0.0,0.0,0.0,0.0,0.0,0.0,0.0,0.0,1.0,0.0,3.0596,0.0,0.0,0.0,0.0,2.89,0.0652,0.78
8.9086,0.35,1.58,-0.17,-0.35,0.35,0.26,0.0,12.27203,0.0,0.0,0.0,0.0,0.0,3.43777,0.0,0.0,0.0,0.0,0.0,0.0,0.0,0.0,0.0,1.0,0.0,3.8874,0.0,0.0,0.0,0.0,2.307,0.0651,1.41
8.9779,0.35,2.46,0.0,-0.35,0.35,0.26,0.0,12.48451,0.0,0.0,0.0,0.0,0.0,2.68839,0.0,0.0,0.0,0.0,0.0,0.0,0.0,0.0,0.0,1.0,0.0,4.7727,0.0,0.0,0.0,0.0,2.313,0.0693,0.88
9.043,0.43,3.07,0.17,-0.26,0.35,0.26,0.0,12.63579,0.0,0.0,0.0,0.0,0.0,1.95526,0.0,0.0,0.0,0.0,0.0,0.0,0.0,0.0,0.0,0.0,0.0,5.6055,0.0,0.0,0.0,0.0,2.535,0.0651,0.61
9.1081,0.35,3.6,0.26,-0.17,0.35,0.26,0.0,12.73864,0.0,0.0,0.0,0.0,0.0,1.20171,0.0,0.0,0.0,0.0,0.0,0.0,0.0,0.0,0.0,1.0,0.0,6.4376,0.0,0.0,0.0,0.0,2.838,0.0651,0.53
9.1733,0.43,4.48,-0.17,-0.26,0.35,0.26,0.0,12.79203,0.0,0.0,0.0,0.0,0.0,0.43442,0.0,0.0,0.0,0.0,0.0,0.0,0.0,0.0,0.0,1.0,0.0,7.2642,0.0,0.0,0.0,0.0,2.784,0.0652,0.88
9.2384,0.35,5.8,0.17,-0.35,0.35,0.26,0.0,12.79522,0.0,0.0,0.0,0.0,0.0,-0.33624,0.0,0.0,0.0,0.0,0.0,0.0,0.0,0.0,0.0,1.0,0.0,8.0811,0.0,0.0,0.0,0.0,2.281,0.0651,1.32
9.3079,0.35,6.94,0.35,-0.17,0.35,0.26,0.0,12.74336,0.0,0.0,0.0,0.0,0.0,-1.15492,0.0,0.0,0.0,0.0,0.0,0.0,0.0,0.0,0.0,1.0,0.0,8.9398,0.0,0.0,0.0,0.0,2.0,0.0695,1.14
9.3731,0.35,7.47,0.43,0.08,0.17,0.26,0.0,12.64333,0.0,0.0,0.0,0.0,0.0,-1.91062,0.0,0.0,0.0,0.0,0.0,0.0,0.0,0.0,0.0,1.0,0.0,9.7305,0.0,0.0,0.0,0.0,2.26,0.0652,0.53
9.4383,0.43,7.82,0.35,0.08,0.35,0.26,0.0,12.49465,0.0,0.0,0.0,0.0,0.0,-2.64629,0.0,0.0,0.0,0.0,0.0,0.0,0.0,0.0,0.0,1.0,0.0,10.5033,0.0,0.0,0.0,0.0,2.683,0.0652,0.35
9.5035,0.43,8.61,-0.08,-0.26,0.35,0.26,0.0,12.29886,0.0,0.0,0.0,0.0,0.0,-3.35424,0.0,0.0,0.0,0.0,0.0,0.0,0.0,0.0,0.0,1.0,0.0,11.2558,0.0,0.0,0.0,0.0,2.646,0.0652,0.79
9.5686,0.35,10.19,0.43,0.0,0.35,0.26,0.0,12.05842,0.0,0.0,0.0,0.0,0.0,-4.02603,0.0,0.0,0.0,0.0,0.0,0.0,0.0,0.0,0.0,1.0,0.0,11.9851,0.0,0.0,0.0,0.0,1.795,0.0651,1.58
9.638,0.26,11.16,0.52,0.08,0.17,0.26,0.0,11.75548,0.0,0.0,0.0,0.0,0.0,-4.69571,0.0,0.0,0.0,0.0,0.0,0.0,0.0,0.0,0.0,1.0,0.0,12.7343,0.0,0.0,0.0,0.0,1.574,0.0694,0.97
9.7032,0.35,11.6,0.43,0.08,0.26,0.26,0.0,11.43017,0.0,0.0,0.0,0.0,0.0,-5.27421,0.0,0.0,0.0,0.0,0.0,0.0,0.0,0.0,0.0,1.0,0.0,13.4106,0.0,0.0,0.0,0.0,1.811,0.0652,0.44
9.7682,0.43,11.95,0.35,0.08,0.35,0.26,0.0,11.07008,0.0,0.0,0.0,0.0,0.0,-5.79592,0.0,0.0,0.0,0.0,0.0,0.0,0.0,0.0,0.0,1.0,0.0,14.0571,0.0,0.0,0.0,0.0,2.107,0.065,0.35
9.8333,0.43,12.65,0.43,0.08,0.35,0.26,0.0,10.67739,0.0,0.0,0.0,0.0,0.0,-6.25792,0.0,0.0,0.0,0.0,0.0,0.0,0.0,0.0,0.0,1.0,0.0,14.6739,0.0,0.0,0.0,0.0,2.024,0.0651,0.7
9.8985,0.35,13.88,0.43,0.08,0.17,0.26,0.0,10.25605,0.0,0.0,0.0,0.0,0.0,-6.6551,0.0,0.0,0.0,0.0,0.0,0.0,0.0,0.0,0.0,1.0,0.0,15.2604,0.0,0.0,0.0,0.0,1.38,0.0652,1.23
9.9679,0.35,14.41,0.43,0.08,0.26,0.26,0.0,9.78171,0.0,0.0,0.0,0.0,0.0,-7.00116,0.0,0.0,0.0,0.0,0.0,0.0,0.0,0.0,0.0,1.0,0.0,15.8505,0.0,0.0,0.0,0.0,1.441,0.0694,0.53
10.0329,0.35,14.76,0.43,0.08,0.35,0.26,0.0,9.31815,0.0,0.0,0.0,0.0,0.0,-7.24995,0.0,0.0,0.0,0.0,0.0,0.0,0.0,0.0,0.0,1.0,0.0,16.371,0.0,0.0,0.0,0.0,1.611,0.065,0.35
10.0981,0.43,15.29,0.43,0.08,0.35,0.26,0.0,8.83937,0.0,0.0,0.0,0.0,0.0,-7.42365,0.0,0.0,0.0,0.0,0.0,0.0,0.0,0.0,0.0,1.0,0.0,16.8604,0.0,0.0,0.0,0.0,1.57,0.0652,0.53
10.1633,0.35,15.9,0.43,0.08,0.35,0.26,0.0,8.35179,0.0,0.0,0.0,0.0,0.0,-7.51955,0.0,0.0,0.0,0.0,0.0,0.0,0.0,0.0,0.0,1.0,0.0,17.3181,0.0,0.0,0.0,0.0,1.418,0.0652,0.61
10.2285,0.35,16.78,0.43,0.17,0.17,0.26,0.0,7.86053,0.0,0.0,0.0,0.0,0.0,-7.53664,0.0,0.0,0.0,0.0,0.0,0.0,0.0,0.0,0.0,1.0,0.0,17.7449,0.0,0.0,0.0,0.0,0.965,0.0652,0.88
10.2979,0.35,17.22,0.43,0.17,0.17,0.26,0.0,7.33935,0.0,0.0,0.0,0.0,0.0,-7.46807,0.0,0.0,0.0,0.0,0.0,0.0,0.0,0.0,0.0,1.0,0.0,18.1662,0.0,0.0,0.0,0.0,0.946,0.0694,0.44
10.3631,0.35,17.75,0.43,0.17,0.17,0.26,0.0,6.85675,0.0,0.0,0.0,0.0,0.0,-7.32284,0.0,0.0,0.0,0.0,0.0,0.0,0.0,0.0,0.0,1.0,0.0,18.5325,0.0,0.0,0.0,0.0,0.783,0.0652,0.53
10.4283,0.35,18.28,0.43,0.17,0.17,0.26,0.0,6.38612,0.0,0.0,0.0,0.0,0.0,-7.10087,0.0,0.0,0.0,0.0,0.0,0.0,0.0,0.0,0.0,0.0,0.0,18.8719,0.0,0.0,0.0,0.0,0.592,0.0652,0.53
10.4934,0.35,18.72,0.43,0.17,0.17,0.26,0.0,5.93309,0.0,0.0,0.0,0.0,0.0,-6.80499,0.0,0.0,0.0,0.0,0.0,0.0,0.0,0.0,0.0,1.0,0.0,19.1862,0.0,0.0,0.0,0.0,0.466,0.0651,0.44
10.5586,0.43,19.42,0.43,0.17,0.17,0.26,0.0,5.50101,0.0,0.0,0.0,0.0,0.0,-6.4374,0.0,0.0,0.0,0.0,0.0,0.0,0.0,0.0,0.0,1.0,0.0,19.4777,0.0,0.0,0.0,0.0,0.43,0.0652,0.7
10.6279,0.35,19.86,0.43,0.17,0.17,0.26,0.0,5.07057,0.0,0.0,0.0,0.0,0.0,-5.97284,0.0,0.0,0.0,0.0,0.0,0.0,0.0,0.0,0.0,1.0,0.0,19.7652,0.0,0.0,0.0,0.0,0.43,0.0693,0.44
10.6931,0.35,20.03,0.52,0.17,0.17,0.26,0.0,4.69717,0.0,0.0,0.0,0.0,0.0,-5.4711,0.0,0.0,0.0,0.0,0.0,0.0,0.0,0.0,0.0,1.0,0.0,20.0174,0.0,0.0,0.0,0.0,0.52,0.0652,0.17
10.7583,0.43,20.12,0.52,0.17,0.17,0.26,0.0,4.35839,0.0,0.0,0.0,0.0,0.0,-4.91202,0.0,0.0,0.0,0.0,0.0,0.0,0.0,0.0,0.0,1.0,0.0,20.2547,0.0,0.0,0.0,0.0,0.52,0.0652,0.09
10.8235,0.43,20.47,0.52,0.17,0.17,0.26,0.0,4.05777,0.0,0.0,0.0,0.0,0.0,-4.30146,0.0,0.0,0.0,0.0,0.0,0.0,0.0,0.0,0.0,1.0,0.0,20.4801,0.0,0.0,0.0,0.0,0.52,0.0652,0.35
10.8886,0.35,20.83,0.52,0.26,0.17,0.26,0.0,3.79882,0.0,0.0,0.0,0.0,0.0,-3.64686,0.0,0.0,0.0,0.0,0.0,0.0,0.0,0.0,0.0,1.0,0.0,20.6967,0.0,0.0,0.0,0.0,0.52,0.0651,0.36
10.9579,0.43,21.09,0.52,0.26,0.17,0.26,0.0,3.57146,0.0,0.0,0.0,0.0,0.0,-2.90833,0.0,0.0,0.0,0.0,0.0,0.0,0.0,0.0,0.0,1.0,0.0,20.9209,0.0,0.0,0.0,0.0,0.52,0.0693,0.26
11.0231,0.35,21.26,0.52,0.26,0.17,0.26,0.0,3.40538,0.0,0.0,0.0,0.0,0.0,-2.18189,0.0,0.0,0.0,0.0,0.0,0.0,0.0,0.0,0.0,1.0,0.0,21.1297,0.0,0.0,0.0,0.0,0.52,0.0652,0.17
11.0883,0.35,21.44,0.52,0.35,0.17,0.26,0.0,3.28744,0.0,0.0,0.0,0.0,0.0,-1.43259,0.0,0.0,0.0,0.0,0.0,0.0,0.0,0.0,0.0,1.0,0.0,21.3397,0.0,0.0,0.0,0.0,0.52,0.0652,0.18
11.1535,0.35,21.7,0.52,0.35,0.17,0.26,0.0,3.21889,0.0,0.0,0.0,0.0,0.0,-0.66828,0.0,0.0,0.0,0.0,0.0,0.0,0.0,0.0,0.0,1.0,0.0,21.5541,0.0,0.0,0.0,0.0,0.52,0.0652,0.26
11.2187,0.35,21.97,0.52,0.35,0.17,0.26,0.0,3.20045,0.0,0.0,0.0,0.0,0.0,0.10304,0.0,0.0,0.0,0.0,0.0,0.0,0.0,0.0,0.0,1.0,0.0,21.7761,0.0,0.0,0.0,0.0,0.52,0.0652,0.27
11.2879,0.43,22.14,0.52,0.35,0.17,0.26,0.0,3.23589,0.0,0.0,0.0,0.0,0.0,0.92031,0.0,0.0,0.0,0.0,0.0,0.0,0.0,0.0,0.0,1.0,0.0,22.0236,0.0,0.0,0.0,0.0,0.52,0.0692,0.17
11.3531,0.35,22.32,0.52,0.35,0.17,0.26,0.0,3.32075,0.0,0.0,0.0,0.0,0.0,1.68057,0.0,0.0,0.0,0.0,0.0,0.0,0.0,0.0,0.0,1.0,0.0,22.2712,0.0,0.0,0.0,0.0,0.52,0.0652,0.18
11.4183,0.35,22.5,0.52,0.35,0.17,0.26,0.0,3.45465,0.0,0.0,0.0,0.0,0.0,2.42322,0.0,0.0,0.0,0.0,0.0,0.0,0.0,0.0,0.0,1.0,0.0,22.5357,0.0,0.0,0.0,0.0,0.52,0.0652,0.18
11.4835,0.43,22.76,0.52,0.43,0.17,0.26,0.0,3.63619,0.0,0.0,0.0,0.0,0.0,3.14048,0.0,0.0,0.0,0.0,0.0,0.0,0.0,0.0,0.0,1.0,0.0,22.8197,0.0,0.0,0.0,0.0,0.52,0.0652,0.26
11.5487,0.35,23.2,0.52,0.43,0.17,0.26,0.0,3.86346,0.0,0.0,0.0,0.0,0.0,3.82482,0.0,0.0,0.0,0.0,0.0,0.0,0.0,0.0,0.0,1.0,0.0,23.1258,0.0,0.0,0.0,0.0,0.52,0.0652,0.44
11.6179,0.43,23.46,0.52,0.35,0.17,0.26,0.0,4.15203,0.0,0.0,0.0,0.0,0.0,4.50715,0.0,0.0,0.0,0.0,0.0,0.0,0.0,0.0,0.0,1.0,0.0,23.4772,0.0,0.0,0.0,0.0,0.52,0.0692,0.26
11.683,0.35,23.64,0.52,0.43,0.17,0.26,0.0,4.46503,0.0,0.0,0.0,0.0,0.0,5.10062,0.0,0.0,0.0,0.0,0.0,0.0,0.0,0.0,0.0,1.0,0.0,23.8348,0.0,0.0,0.0,0.0,0.52,0.0651,0.18
11.7481,0.35,23.99,0.52,0.35,0.17,0.26,0.0,4.81497,0.0,0.0,0.0,0.0,0.0,5.6408,0.0,0.0,0.0,0.0,0.0,0.0,0.0,0.0,0.0,1.0,0.0,24.2212,0.0,0.0,0.0,0.0,0.52,0.0651,0.35
11.8133,0.35,24.34,0.52,0.35,0.08,0.26,0.0,5.1988,0.0,0.0,0.0,0.0,0.0,6.12274,0.0,0.0,0.0,0.0,0.0,0.0,0.0,0.0,0.0,1.0,0.0,24.637,0.0,0.0,0.0,0.0,0.52,0.0652,0.35
11.8785,0.35,24.87,0.52,0.35,0.08,0.26,0.0,5.61198,0.0,0.0,0.0,0.0,0.0,6.54051,0.0,0.0,0.0,0.0,0.0,0.0,0.0,0.0,0.0,0.0,0.0,25.0838,0.0,0.0,0.0,0.0,0.52,0.0652,0.53
11.9476,0.43,25.22,0.52,0.35,0.08,0.26,0.0,6.0771,0.0,0.0,0.0,0.0,0.0,6.90837,0.0,0.0,0.0,0.0,0.0,0.0,0.0,0.0,0.0,1.0,0.0,25.5914,0.0,0.0,0.0,0.0,0.52,0.0691,0.35
12.0128,0.35,25.57,0.52,0.43,0.08,0.26,0.0,6.53681,0.0,0.0,0.0,0.0,0.0,7.18098,0.0,0.0,0.0,0.0,0.0,0.0,0.0,0.0,0.0,1.0,0.0,26.1029,0.0,0.0,0.0,0.0,0.533,0.0652,0.35
12.0779,0.43,26.01,0.52,0.35,0.08,0.26,0.0,7.01112,0.0,0.0,0.0,0.0,0.0,7.37808,0.0,0.0,0.0,0.0,0.0,0.0,0.0,0.0,0.0,1.0,0.0,26.6463,0.0,0.0,0.0,0.0,0.636,0.0651,0.44
12.1431,0.43,26.45,0.52,0.43,0.08,0.26,0.0,7.49651,0.0,0.0,0.0,0.0,0.0,7.49823,0.0,0.0,0.0,0.0,0.0,0.0,0.0,0.0,0.0,1.0,0.0,27.2215,0.0,0.0,0.0,0.0,0.772,0.0652,0.44
12.2082,0.35,27.24,0.52,0.35,0.08,0.26,0.0,7.98643,0.0,0.0,0.0,0.0,0.0,7.53979,0.0,0.0,0.0,0.0,0.0,0.0,0.0,0.0,0.0,1.0,0.0,27.8279,0.0,0.0,0.0,0.0,0.588,0.0651,0.79
12.2778,0.43,27.86,0.52,0.35,0.08,0.26,0.0,8.51023,0.0,0.0,0.0,0.0,0.0,7.4971,0.0,0.0,0.0,0.0,0.0,1.0,0.0,0.0,0.0,0.0,0.0,28.5085,0.0,0.0,0.0,0.0,0.648,0.0696,0.62
12.3429,0.35,28.21,0.52,0.43,0.08,0.26,0.0,8.99478,0.0,0.0,0.0,0.0,0.0,7.37612,0.0,0.0,0.0,0.0,0.0,0.0,0.0,0.0,0.0,1.0,0.0,29.1759,0.0,0.0,0.0,0.0,0.966,0.0651,0.35
12.4081,0.35,28.65,0.52,0.35,0.08,0.26,0.0,9.46965,0.0,0.0,0.0,0.0,0.0,7.17772,0.0,0.0,0.0,0.0,0.0,0.0,0.0,0.0,0.0,1.0,0.0,29.871,0.0,0.0,0.0,0.0,1.221,0.0652,0.44
12.4732,0.43,29.26,0.52,0.35,0.08,0.26,0.0,9.92843,0.0,0.0,0.0,0.0,0.0,6.90457,0.0,0.0,0.0,0.0,0.0,0.0,0.0,0.0,0.0,1.0,0.0,30.5917,0.0,0.0,0.0,0.0,1.332,0.0651,0.61
12.5384,0.35,30.49,0.52,0.43,0.08,0.26,0.0,10.36772,0.0,0.0,0.0,0.0,0.0,6.5587,0.0,0.0,0.0,0.0,0.0,0.0,0.0,0.0,0.0,1.0,0.0,31.3359,0.0,0.0,0.0,0.0,0.846,0.0652,1.23
12.6077,0.43,31.11,0.52,0.35,0.08,0.26,0.0,10.80732,0.0,0.0,0.0,0.0,0.0,6.11582,0.0,0.0,0.0,0.0,0.0,0.0,0.0,0.0,0.0,0.0,0.0,32.1511,0.0,0.0,0.0,0.0,1.041,0.0693,0.62
12.6727,0.35,31.64,0.52,0.43,0.08,0.26,0.0,11.18954,0.0,0.0,0.0,0.0,0.0,5.63451,0.0,0.0,0.0,0.0,0.0,0.0,0.0,0.0,0.0,1.0,0.0,32.9352,0.0,0.0,0.0,0.0,1.295,0.065,0.53
12.7378,0.43,32.25,0.52,0.43,0.08,0.26,0.0,11.53904,0.0,0.0,0.0,0.0,0.0,5.09364,0.0,0.0,0.0,0.0,0.0,0.0,0.0,0.0,0.0,1.0,0.0,33.7349,0.0,0.0,0.0,0.0,1.485,0.0651,0.61
12.8029,0.43,33.04,0.52,0.35,0.08,0.26,0.0,11.85157,0.0,0.0,0.0,0.0,0.0,4.49955,0.0,0.0,0.0,0.0,0.0,0.0,0.0,0.0,0.0,0.0,0.0,34.5477,0.0,0.0,0.0,0.0,1.508,0.0651,0.79
12.868,0.35,34.36,0.52,0.43,0.08,0.26,0.0,12.12387,0.0,0.0,0.0,0.0,0.0,3.85845,0.0,0.0,0.0,0.0,0.0,0.0,0.0,0.0,0.0,1.0,0.0,35.3701,0.0,0.0,0.0,0.0,1.01,0.0651,1.32
12.9378,0.43,35.15,0.61,0.43,0.08,0.26,0.0,12.36788,0.0,0.0,0.0,0.0,0.0,3.12647,0.0,0.0,0.0,0.0,0.0,2.0,0.0,0.0,0.0,1.0,0.0,36.2602,0.0,0.0,0.0,0.0,1.11,0.0698,0.79
13.003,0.35,35.68,0.61,0.43,0.08,0.26,0.0,12.54849,0.0,0.0,0.0,0.0,0.0,2.40864,0.0,0.0,0.0,0.0,0.0,0.0,0.0,0.0,0.0,1.0,0.0,37.0937,0.0,0.0,0.0,0.0,1.414,0.0652,0.53
13.0682,0.35,36.29,0.61,0.35,0.08,0.26,0.0,12.68142,0.0,0.0,0.0,0.0,0.0,1.66556,0.0,0.0,0.0,0.0,0.0,0.0,0.0,0.0,0.0,1.0,0.0,37.9276,0.0,0.0,0.0,0.0,1.638,0.0652,0.61
13.1332,0.43,37.26,0.61,0.43,0.08,0.26,0.0,12.76511,0.0,0.0,0.0,0.0,0.0,0.90738,0.0,0.0,0.0,0.0,0.0,0.0,0.0,0.0,0.0,1.0,0.0,38.7565,0.0,0.0,0.0,0.0,1.497,0.065,0.97
13.1984,0.35,38.67,0.61,0.43,0.08,0.26,0.0,12.7992,0.0,0.0,0.0,0.0,0.0,0.13738,0.0,0.0,0.0,0.0,0.0,0.0,0.0,0.0,0.0,1.0,0.0,39.5798,0.0,0.0,0.0,0.0,0.91,0.0652,1.41
13.2678,0.43,39.37,0.61,0.43,0.08,0.26,0.0,12.78023,0.0,0.0,0.0,0.0,0.0,-0.68362,0.0,0.0,0.0,0.0,0.0,1.0,0.0,0.0,0.0,1.0,0.0,40.4461,0.0,0.0,0.0,0.0,1.076,0.0694,0.7
13.3329,0.35,39.9,0.61,0.43,0.0,0.26,0.0,12.71083,0.0,0.0,0.0,0.0,0.0,-1.44654,0.0,0.0,0.0,0.0,0.0,0.0,0.0,0.0,0.0,1.0,0.0,41.2448,0.0,0.0,0.0,0.0,1.345,0.0651,0.53
13.398,0.35,40.6,0.61,0.43,0.0,0.26,0.0,12.59222,0.0,0.0,0.0,0.0,0.0,-2.19436,0.0,0.0,0.0,0.0,0.0,0.0,0.0,0.0,0.0,1.0,0.0,42.0276,0.0,0.0,0.0,0.0,1.428,0.0651,0.7
13.4631,0.43,41.48,0.61,0.43,0.0,0.26,0.0,12.42562,0.0,0.0,0.0,0.0,0.0,-2.91925,0.0,0.0,0.0,0.0,0.0,1.0,0.0,0.0,0.0,0.0,0.0,42.7927,0.0,0.0,0.0,0.0,1.313,0.0651,0.88
13.5283,0.35,42.89,0.61,0.43,0.0,0.26,0.0,12.21243,0.0,0.0,0.0,0.0,0.0,-3.61468,0.0,0.0,0.0,0.0,0.0,1.0,0.0,0.0,0.0,1.0,0.0,43.5369,0.0,0.0,0.0,0.0,0.647,0.0652,1.41
13.5978,0.43,43.5,0.61,0.43,0.0,0.26,0.0,11.93663,0.0,0.0,0.0,0.0,0.0,-4.31409,0.0,0.0,0.0,0.0,0.0,3.0,1.0,0.0,0.0,1.0,0.0,44.3042,0.0,0.0,0.0,0.0,0.804,0.0695,0.61
13.663,0.35,43.94,0.7,0.43,0.0,0.26,0.0,11.63522,0.0,0.0,0.0,0.0,0.0,-4.92369,0.0,0.0,0.0,0.0,0.0,0.0,1.0,0.0,0.0,1.0,0.0,44.9972,0.0,0.0,0.0,0.0,1.057,0.0652,0.44
13.7281,0.35,44.56,0.7,0.35,0.0,0.26,0.0,11.29625,0.0,0.0,0.0,0.0,0.0,-5.48087,0.0,0.0,0.0,0.0,0.0,0.0,1.0,0.0,0.0,1.0,0.0,45.6623,0.0,0.0,0.0,0.0,1.102,0.0651,0.62
13.7932,0.43,45.52,0.7,0.43,0.0,0.26,0.0,10.92285,0.0,0.0,0.0,0.0,0.0,-5.98078,0.0,0.0,0.0,0.0,0.0,3.0,1.0,0.0,0.0,1.0,0.0,46.2976,0.0,0.0,0.0,0.0,0.778,0.0651,0.96
13.8584,0.35,46.49,0.79,0.43,0.0,0.26,0.0,10.51827,0.0,0.0,0.0,0.0,0.0,-6.41883,0.0,0.0,0.0,0.0,0.0,0.0,1.0,0.0,0.0,1.0,0.0,46.9032,0.0,0.0,0.0,0.0,0.79,0.0652,0.97
13.9278,0.43,47.1,0.79,0.43,0.0,0.26,0.0,10.05874,0.0,0.0,0.0,0.0,0.0,-6.8111,0.0,0.0,0.0,0.0,0.0,4.0,2.0,0.0,0.0,1.0,0.0,47.5147,0.0,0.0,0.0,0.0,0.79,0.0694,0.61
13.993,0.35,47.54,0.79,0.43,0.0,0.26,0.0,9.60464,0.0,0.0,0.0,0.0,0.0,-7.10603,0.0,0.0,0.0,0.0,0.0,1.0,1.0,0.0,0.0,1.0,0.0,48.0557,0.0,0.0,0.0,0.0,0.79,0.0652,0.44
14.0582,0.35,47.9,0.79,0.43,0.0,0.26,0.0,9.13373,0.0,0.0,0.0,0.0,0.0,-7.32649,0.0,0.0,0.0,0.0,0.0,1.0,1.0,0.0,0.0,1.0,0.0,48.5643,0.0,0.0,0.0,0.0,0.79,0.0652,0.36
14.1234,0.43,48.6,0.79,0.43,0.0,0.26,0.0,8.65094,0.0,0.0,0.0,0.0,0.0,-7.47017,0.0,0.0,0.0,0.0,0.0,2.0,2.0,0.0,0.0,0.0,0.0,49.0416,0.0,0.0,0.0,0.0,0.79,0.0652,0.7
14.1886,0.35,49.48,0.79,0.43,0.0,0.26,0.0,8.16132,0.0,0.0,0.0,0.0,0.0,-7.53556,0.0,0.0,0.0,0.0,0.0,2.0,1.0,0.0,0.0,1.0,0.0,49.487,0.0,0.0,0.0,0.0,0.79,0.0652,0.88
14.258,0.35,49.92,0.79,0.43,0.0,0.26,0.0,7.63843,0.0,0.0,0.0,0.0,0.0,-7.5184,0.0,0.0,0.0,0.0,0.0,3.0,1.0,0.0,0.0,1.0,0.0,49.9279,0.0,0.0,0.0,0.0,0.79,0.0694,0.44
14.3231,0.43,50.18,0.79,0.43,0.0,0.26,0.0,7.15172,0.0,0.0,0.0,0.0,0.0,-7.42115,0.0,0.0,0.0,0.0,0.0,1.0,2.0,0.0,0.0,1.0,0.0,50.3113,0.0,0.0,0.0,0.0,0.79,0.0651,0.26
14.3882,0.35,50.62,0.79,0.43,0.0,0.26,0.0,6.67388,0.0,0.0,0.0,0.0,0.0,-7.24636,0.0,0.0,0.0,0.0,0.0,3.0,2.0,0.0,0.0,1.0,0.0,50.6663,0.0,0.0,0.0,0.0,0.79,0.0651,0.44
14.4534,0.43,51.24,0.79,0.43,0.0,0.26,0.0,6.20919,0.0,0.0,0.0,0.0,0.0,-6.99543,0.0,0.0,0.0,0.0,0.0,4.0,1.0,0.0,0.0,1.0,0.0,50.996,0.0,0.0,0.0,0.0,0.79,0.0652,0.62
14.5185,0.35,51.67,0.79,0.43,0.0,0.26,0.0,5.76394,0.0,0.0,0.0,0.0,0.0,-6.67173,0.0,0.0,0.0,0.0,0.0,1.0,2.0,0.0,0.0,1.0,0.0,51.3007,0.0,0.0,0.0,0.0,0.79,0.0651,0.43
14.5879,0.43,51.94,0.79,0.43,0.0,0.26,0.0,5.31511,0.0,0.0,0.0,0.0,0.0,-6.24999,0.0,0.0,0.0,0.0,0.0,3.0,1.0,0.0,0.0,1.0,0.0,51.6017,0.0,0.0,0.0,0.0,0.79,0.0694,0.27
14.653,0.43,52.2,0.79,0.43,0.0,0.26,0.0,4.92297,0.0,0.0,0.0,0.0,0.0,-5.78682,0.0,0.0,0.0,0.0,0.0,2.0,1.0,0.0,0.0,1.0,0.0,51.864,0.0,0.0,0.0,0.0,0.79,0.0651,0.26
14.718,0.35,52.47,0.79,0.43,0.0,0.26,0.0,4.5635,0.0,0.0,0.0,0.0,0.0,-5.26404,0.0,0.0,0.0,0.0,0.0,3.0,2.0,0.0,0.0,1.0,0.0,52.1097,0.0,0.0,0.0,0.0,0.79,0.065,0.27
14.7832,0.43,52.82,0.79,0.43,0.0,0.26,0.0,4.2389,0.0,0.0,0.0,0.0,0.0,-4.68458,0.0,0.0,0.0,0.0,0.0,4.0,1.0,0.0,0.0,1.0,0.0,52.3419,0.0,0.0,0.0,0.0,0.79,0.0652,0.35
14.8483,0.35,53.26,0.79,0.43,0.0,0.26,0.0,3.95411,0.0,0.0,0.0,0.0,0.0,-4.05702,0.0,0.0,0.0,0.0,0.0,4.0,2.0,0.0,0.0,1.0,0.0,52.5636,0.0,0.0,0.0,0.0,0.79,0.0651,0.44
14.9179,0.35,53.34,0.79,0.43,0.0,0.26,0.0,3.69646,0.0,0.0,0.0,0.0,0.0,-3.33938,0.0,0.0,0.0,0.0,0.0,4.0,1.0,0.0,0.0,1.0,0.0,52.7919,0.0,0.0,0.0,0.0,0.79,0.0696,0.08
14.9831,0.43,53.52,0.79,0.43,0.0,0.26,0.0,3.50166,0.0,0.0,0.0,0.0,0.0,-2.63076,0.0,0.0,0.0,0.0,0.0,4.0,1.0,0.0,0.0,1.0,0.0,53.0017,0.0,0.0,0.0,0.0,0.79,0.0652,0.18
15.0483,0.35,53.78,0.79,0.43,0.0,0.26,0.0,3.35401,0.0,0.0,0.0,0.0,0.0,-1.89457,0.0,0.0,0.0,0.0,0.0,2.0,1.0,0.0,0.0,1.0,0.0,53.2105,0.0,0.0,0.0,0.0,0.79,0.0652,0.26
15.1134,0.35,53.96,0.79,0.43,0.0,0.26,0.0,3.25515,0.0,0.0,0.0,0.0,0.0,-1.1397,0.0,0.0,0.0,0.0,0.0,2.0,2.0,0.0,0.0,1.0,0.0,53.4216,0.0,0.0,0.0,0.0,0.79,0.0651,0.18
15.1786,0.43,54.31,0.79,0.43,0.0,0.26,0.0,3.20584,0.0,0.0,0.0,0.0,0.0,-0.37174,0.0,0.0,0.0,0.0,0.0,4.0,2.0,0.0,0.0,1.0,0.0,53.6386,0.0,0.0,0.0,0.0,0.79,0.0652,0.35
15.2479,0.35,54.49,0.79,0.43,0.0,0.26,0.0,3.2085,0.0,0.0,0.0,0.0,0.0,0.4486,0.0,0.0,0.0,0.0,0.0,3.0,2.0,0.0,0.0,1.0,0.0,53.8788,0.0,0.0,0.0,0.0,0.79,0.0693,0.18
15.3131,0.35,54.66,0.79,0.43,0.0,0.26,0.0,3.26281,0.0,0.0,0.0,0.0,0.0,1.21574,0.0,0.0,0.0,0.0,0.0,4.0,2.0,0.0,0.0,1.0,0.0,54.1175,0.0,0.0,0.0,0.0,0.79,0.0652,0.17
15.3783,0.43,54.84,0.79,0.43,0.0,0.26,0.0,3.36676,0.0,0.0,0.0,0.0,0.0,1.97013,0.0,0.0,0.0,0.0,0.0,4.0,1.0,0.0,0.0,0.0,0.0,54.3714,0.0,0.0,0.0,0.0,0.79,0.0652,0.18
15.4435,0.35,55.19,0.79,0.43,0.0,0.26,0.0,3.51926,0.0,0.0,0.0,0.0,0.0,2.70387,0.0,0.0,0.0,0.0,0.0,5.0,1.0,0.0,0.0,1.0,0.0,54.6431,0.0,0.0,0.0,0.0,0.79,0.0652,0.35
15.5088,0.43,55.45,0.79,0.43,0.0,0.26,0.0,3.71907,0.0,0.0,0.0,0.0,0.0,3.41034,0.0,0.0,0.0,0.0,0.0,4.0,2.0,0.0,0.0,1.0,0.0,54.9356,0.0,0.0,0.0,0.0,0.79,0.0653,0.26
15.5779,0.43,55.72,0.79,0.43,0.0,0.26,0.0,3.97945,0.0,0.0,0.0,0.0,0.0,4.11872,0.0,0.0,0.0,0.0,0.0,4.0,1.0,0.0,0.0,1.0,0.0,55.2705,0.0,0.0,0.0,0.0,0.79,0.0691,0.27
15.6431,0.35,55.81,0.79,0.43,0.0,0.26,0.0,4.26859,0.0,0.0,0.0,0.0,0.0,4.74282,0.0,0.0,0.0,0.0,0.0,2.0,1.0,0.0,0.0,1.0,0.0,55.6124,0.0,0.0,0.0,0.0,0.79,0.0652,0.09
15.7083,0.43,56.07,0.79,0.43,0.0,0.26,0.0,4.59684,0.0,0.0,0.0,0.0,0.0,5.3172,0.0,0.0,0.0,0.0,0.0,4.0,1.0,0.0,0.0,1.0,0.0,55.9813,0.0,0.0,0.0,0.0,0.79,0.0652,0.26
15.7734,0.43,56.51,0.79,0.43,0.0,0.26,0.0,4.96016,0.0,0.0,0.0,0.0,0.0,5.83512,0.0,0.0,0.0,0.0,0.0,4.0,2.0,0.0,0.0,1.0,0.0,56.379,0.0,0.0,0.0,0.0,0.79,0.0651,0.44
15.8386,0.35,56.95,0.79,0.43,0.0,0.26,0.0,5.35587,0.0,0.0,0.0,0.0,0.0,6.29272,0.0,0.0,0.0,0.0,0.0,2.0,1.0,0.0,0.0,1.0,0.0,56.8067,0.0,0.0,0.0,0.0,0.79,0.0652,0.44
15.9079,0.43,57.39,0.79,0.43,0.0,0.26,0.0,5.80675,0.0,0.0,0.0,0.0,0.0,6.7067,0.0,0.0,0.0,0.0,0.0,4.0,2.0,0.0,0.0,1.0,0.0,57.295,0.0,0.0,0.0,0.0,0.79,0.0693,0.44
15.9729,0.35,57.65,0.79,0.43,0.0,0.26,0.0,6.25335,0.0,0.0,0.0,0.0,0.0,7.02292,0.0,0.0,0.0,0.0,0.0,3.0,1.0,0.0,0.0,1.0,0.0,57.7863,0.0,0.0,0.0,0.0,0.79,0.065,0.26
16.0381,0.35,58.0,0.79,0.43,0.0,0.26,0.0,6.7196,0.0,0.0,0.0,0.0,0.0,7.26662,0.0,0.0,0.0,0.0,0.0,3.0,2.0,0.0,0.0,1.0,0.0,58.3106,0.0,0.0,0.0,0.0,0.79,0.0652,0.35
16.1033,0.43,58.44,0.79,0.43,0.0,0.26,0.0,7.19926,0.0,0.0,0.0,0.0,0.0,7.43417,0.0,0.0,0.0,0.0,0.0,4.0,2.0,0.0,0.0,1.0,0.0,58.8668,0.0,0.0,0.0,0.0,0.79,0.0652,0.44
16.1684,0.35,59.41,0.79,0.43,0.0,0.26,0.0,7.68657,0.0,0.0,0.0,0.0,0.0,7.52373,0.0,0.0,0.0,0.0,0.0,4.0,2.0,0.0,0.0,1.0,0.0,59.4534,0.0,0.0,0.0,0.0,0.79,0.0651,0.97
16.2379,0.43,59.94,0.79,0.43,0.0,0.26,0.0,8.21029,0.0,0.0,0.0,0.0,0.0,7.53258,0.0,0.0,0.0,0.0,0.0,4.0,2.0,0.0,0.0,1.0,0.0,60.1139,0.0,0.0,0.0,0.0,0.79,0.0695,0.53
16.3031,0.43,60.11,0.79,0.43,0.0,0.26,0.0,8.69946,0.0,0.0,0.0,0.0,0.0,7.45934,0.0,0.0,0.0,0.0,0.0,2.0,1.0,0.0,0.0,1.0,0.0,60.7643,0.0,0.0,0.0,0.0,0.79,0.0652,0.17
16.3682,0.35,60.55,0.79,0.43,0.0,0.26,0.0,9.18056,0.0,0.0,0.0,0.0,0.0,7.30822,0.0,0.0,0.0,0.0,0.0,3.0,2.0,0.0,0.0,1.0,0.0,61.4431,0.0,0.0,0.0,0.0,0.893,0.0651,0.44
16.4334,0.43,61.43,0.79,0.43,0.0,0.26,0.0,9.65004,0.0,0.0,0.0,0.0,0.0,7.08033,0.0,0.0,0.0,0.0,0.0,4.0,1.0,0.0,0.0,1.0,0.0,62.1487,0.0,0.0,0.0,0.0,0.79,0.0652,0.88
16.4986,0.35,62.49,0.79,0.43,0.0,0.26,0.0,10.10222,0.0,0.0,0.0,0.0,0.0,6.77825,0.0,0.0,0.0,0.0,0.0,2.0,1.0,0.0,0.0,0.0,0.0,62.8788,0.0,0.0,0.0,0.0,0.79,0.0652,1.06
16.5679,0.35,63.1,0.79,0.43,0.0,0.26,0.0,10.55859,0.0,0.0,0.0,0.0,0.0,6.37937,0.0,0.0,0.0,0.0,0.0,6.0,1.0,0.0,0.0,0.0,0.0,63.68,0.0,0.0,0.0,0.0,0.79,0.0693,0.61
16.6331,0.43,63.63,0.79,0.43,0.0,0.26,0.0,10.96039,0.0,0.0,0.0,0.0,0.0,5.93506,0.0,0.0,0.0,0.0,0.0,4.0,1.0,0.0,0.0,1.0,0.0,64.4547,0.0,0.0,0.0,0.0,0.825,0.0652,0.53
16.6982,0.35,64.16,0.79,0.43,0.0,0.26,0.0,11.33062,0.0,0.0,0.0,0.0,0.0,5.42936,0.0,0.0,0.0,0.0,0.0,3.0,1.0,0.0,0.0,0.0,0.0,65.2467,0.0,0.0,0.0,0.0,1.087,0.0651,0.53
16.7634,0.43,64.95,0.79,0.43,0.0,0.26,0.0,11.66655,0.0,0.0,0.0,0.0,0.0,4.86603,0.0,0.0,0.0,0.0,0.0,3.0,2.0,0.0,0.0,1.0,0.0,66.0534,0.0,0.0,0.0,0.0,1.103,0.0652,0.79
16.8286,0.35,66.26,0.79,0.43,0.0,0.26,0.0,11.96404,0.0,0.0,0.0,0.0,0.0,4.25171,0.0,0.0,0.0,0.0,0.0,1.0,2.0,0.0,0.0,1.0,0.0,66.872,0.0,0.0,0.0,0.0,0.79,0.0652,1.31
16.8979,0.35,66.97,0.79,0.43,0.0,0.26,0.0,12.23464,0.0,0.0,0.0,0.0,0.0,3.55007,0.0,0.0,0.0,0.0,0.0,4.0,3.0,0.0,0.0,1.0,0.0,67.7506,0.0,0.0,0.0,0.0,0.79,0.0693,0.71
16.9629,0.43,67.5,0.87,0.43,0.0,0.26,0.0,12.44294,0.0,0.0,0.0,0.0,0.0,2.8536,0.0,0.0,0.0,0.0,0.0,3.0,2.0,0.0,0.0,1.0,0.0,68.5814,0.0,0.0,0.0,0.0,1.081,0.065,0.53
17.028,0.43,68.11,0.87,0.43,0.0,0.26,0.0,12.60518,0.0,0.0,0.0,0.0,0.0,2.12628,0.0,0.0,0.0,0.0,0.0,2.0,2.0,0.0,0.0,1.0,0.0,69.4142,0.0,0.0,0.0,0.0,1.304,0.0651,0.61
17.0931,0.35,68.99,0.87,0.43,0.0,0.26,0.0,12.7193,0.0,0.0,0.0,0.0,0.0,1.37674,0.0,0.0,0.0,0.0,0.0,3.0,3.0,0.0,0.0,1.0,0.0,70.2455,0.0,0.0,0.0,0.0,1.256,0.0651,0.88
17.1582,0.43,70.48,0.87,0.43,0.0,0.26,0.0,12.78412,0.0,0.0,0.0,0.0,0.0,0.61282,0.0,0.0,0.0,0.0,0.0,3.0,3.0,0.0,0.0,1.0,0.0,71.0732,0.0,0.0,0.0,0.0,0.87,0.0651,1.49
17.2279,0.35,71.19,0.87,0.43,0.0,0.26,0.0,12.7981,0.0,0.0,0.0,0.0,0.0,-0.21197,0.0,0.0,0.0,0.0,0.0,6.0,3.0,0.0,0.0,1.0,0.0,71.9493,0.0,0.0,0.0,0.0,0.87,0.0697,0.71
17.2931,0.35,71.8,0.87,0.43,0.0,0.26,0.0,12.75916,0.0,0.0,0.0,0.0,0.0,-0.9814,0.0,0.0,0.0,0.0,0.0,4.0,2.0,0.0,0.0,1.0,0.0,72.7577,0.0,0.0,0.0,0.0,0.958,0.0652,0.61
17.3583,0.43,72.42,0.87,0.43,0.0,0.26,0.0,12.67035,0.0,0.0,0.0,0.0,0.0,-1.74055,0.0,0.0,0.0,0.0,0.0,2.0,2.0,0.0,0.0,0.0,0.0,73.5522,0.0,0.0,0.0,0.0,1.132,0.0652,0.62
17.4234,0.35,73.3,0.87,0.43,0.0,0.26,0.0,12.53284,0.0,0.0,0.0,0.0,0.0,-2.48034,0.0,0.0,0.0,0.0,0.0,4.0,2.0,0.0,0.0,1.0,0.0,74.3293,0.0,0.0,0.0,0.0,1.029,0.0651,0.88
17.4886,0.35,74.61,0.87,0.43,0.0,0.26,0.0,12.34765,0.0,0.0,0.0,0.0,0.0,-3.19529,0.0,0.0,0.0,0.0,0.0,2.0,2.0,0.0,0.0,1.0,0.0,75.0862,0.0,0.0,0.0,0.0,0.87,0.0652,1.31
17.5577,0.43,75.23,0.87,0.43,0.0,0.26,0.0,12.10171,0.0,0.0,0.0,0.0,0.0,-3.91629,0.0,0.0,0.0,0.0,0.0,6.0,2.0,0.0,0.0,1.0,0.0,75.865,0.0,0.0,0.0,0.0,0.87,0.0691,0.62
